CustomerID,Recency,Frequency,Monetary
10000,243,3,2812.66
10001,1,1,500.91
10002,10,1,163.61
10003,299,12,1426.77
10004,30,13,109.72
10005,114,3,3099.17
10006,2,1,565.76
10007,134,2,479.85
10008,11,18,660.82
10009,213,33,487.78
10010,127,8,787.52
10011,96,7,2164.25
10012,31,4,376.85
10013,134,1,337.53
10014,206,1,601.98
10015,31,2,543.42
10016,322,1,1382.14
10017,9,1,5710.63
10018,271,4,2671.7
10019,30,3,49.47
10020,106,7,878.02
10021,31,2,2753.78
10022,108,3,652.86
10023,109,3,1095.46
10024,151,47,2724.85
10025,30,20,2860.38
10026,216,1,772.87
10027,208,2,380.41
10028,54,2,473.72
10029,13,32,1090.27
10030,256,3,701.22
10031,30,1,3207.87
10032,219,7,565.09
10033,27,1,2061.07
10034,25,1,546.69
10035,87,1,655.37
10036,132,4,383.27
10037,23,1,1905.85
10038,75,4,1565.23
10039,175,4,3511.92
10040,293,8,3791.39
10041,237,2,582.39
10042,118,1,1971.23
10043,63,1,264.95
10044,85,1,138.66
10045,244,2,1712.17
10046,30,1,441.16
10047,89,2,1604.32
10048,18,1,6641.33
10049,269,14,117.96
10050,271,1,153.11
10051,6,3,297.21
10052,95,1,1662.11
10053,224,1,914.86
10054,245,1,2181.91
10055,267,6,159.45
10056,83,1,850.79
10057,133,2,965.11
10058,312,13,257.47
10059,3,19,550.3
10060,214,1,807.41
10061,117,1,175.49
10062,30,12,2381.57
10063,126,1,780.47
10064,227,9,241.47
10065,30,1,982.59
10066,30,6,270.22
10067,78,2,865.32
10068,307,13,514.58
10069,112,1,644.15
10070,25,1,151.72
10071,33,1,161.04
10072,30,3,286.65
10073,6,4,242.1
10074,4,41,1215.49
10075,81,1,2098.56
10076,7,1,2883.08
10077,277,1,146.55
10078,11,1,642.83
10079,31,11,404.14
10080,365,12,1874.55
10081,30,1,2332.77
10082,9,3,540.96
10083,30,4,245.4
10084,17,49,369.67
10085,30,1,102.62
10086,296,2,1975.63
10087,289,11,1107.04
10088,240,1,2005.45
10089,31,1,94.1
10090,15,1,224.52
10091,58,1,214.69
10092,6,48,402.34
10093,57,9,124.22
10094,246,2,722.95
10095,205,1,1315.67
10096,223,3,1239.57
10097,275,1,2284.59
10098,123,1,2020.67
10099,196,1,593.16
10100,340,4,2674.41
10101,247,1,1438.05
10102,147,18,69.69
10103,60,6,2048.09
10104,190,1,742.81
10105,262,2,404.12
10106,230,1,736.33
10107,122,1,278.5
10108,68,2,314.68
10109,11,2,159.8
10110,50,7,335.82
10111,277,11,461.1
10112,315,7,728.41
10113,30,41,970.76
10114,1,3,264.12
10115,36,1,1429.08
10116,271,3,167.07
10117,12,3,205.76
10118,30,1,2168.35
10119,150,1,240.83
10120,22,1,800.55
10121,7,1,1405.77
10122,31,6,268.75
10123,5,1,41.25
10124,303,2,251.78
10125,187,4,926.02
10126,189,2,110.88
10127,244,1,1480.24
10128,19,1,2775.91
10129,27,1,197.6
10130,18,37,1096.25
10131,251,12,646.66
10132,276,11,405.43
10133,150,25,262.72
10134,88,1,673.31
10135,30,3,288.23
10136,150,1,1114.81
10137,2,7,2254.76
10138,30,2,646.48
10139,12,1,1880.08
10140,91,39,508.18
10141,300,1,426.75
10142,133,28,305.41
10143,61,35,1376.34
10144,30,2,350.69
10145,264,1,2337.54
10146,241,5,345.24
10147,140,1,4074.56
10148,228,1,519.67
10149,52,1,1383.9
10150,8,2,3243.04
10151,265,1,372.31
10152,110,4,733.74
10153,8,3,201.01
10154,83,1,228.28
10155,8,3,6458.1
10156,37,41,1240.74
10157,242,2,486.09
10158,109,3,328.58
10159,339,25,653.89
10160,5,1,4623.75
10161,101,3,1151.24
10162,184,1,509.29
10163,256,3,2152.17
10164,175,4,813.14
10165,44,1,2096.35
10166,313,3,5536.2
10167,151,4,1372.76
10168,45,1,120.51
10169,11,1,1570.55
10170,31,14,224.63
10171,31,3,172.39
10172,44,1,8143.26
10173,82,1,570.37
10174,266,1,446.99
10175,4,19,1051.43
10176,2,2,113.9
10177,17,2,2616.99
10178,12,1,693.18
10179,233,25,592.1
10180,276,1,343.68
10181,252,1,8776.99
10182,52,1,794.01
10183,272,1,213.5
10184,281,3,929.88
10185,213,1,759.93
10186,231,4,1956.15
10187,13,9,62.24
10188,295,1,255.42
10189,118,4,619.73
10190,263,1,104.54
10191,235,2,521.55
10192,77,11,175.5
10193,38,1,656.58
10194,63,2,3505.44
10195,74,1,545.04
10196,313,1,439.87
10197,83,1,1696.03
10198,8,1,1359.23
10199,27,1,281.04
10200,14,4,715.95
10201,276,1,976.26
10202,27,29,1766.04
10203,9,10,440.89
10204,37,34,1491.66
10205,30,2,144.57
10206,155,2,1307.73
10207,30,1,89.29
10208,156,1,786.49
10209,28,1,531.07
10210,221,1,325.29
10211,72,1,167.97
10212,30,14,1608.36
10213,60,1,462.8
10214,300,1,258.73
10215,16,4,4979.48
10216,72,13,3513.34
10217,365,6,834.32
10218,262,1,220.91
10219,215,1,509.62
10220,231,4,1917.29
10221,335,1,1878.95
10222,273,2,827.53
10223,291,2,1007.37
10224,14,3,2455.69
10225,95,2,174.24
10226,31,1,168.88
10227,1,6,432.86
10228,31,4,324.81
10229,136,2,970.12
10230,348,1,832.52
10231,55,1,1976.5
10232,136,2,523.31
10233,255,26,634.54
10234,31,1,1830.49
10235,231,3,1011.45
10236,215,1,682.73
10237,29,4,951.47
10238,365,1,2190.07
10239,10,1,318.9
10240,4,1,869.23
10241,94,4,329.1
10242,292,4,2192.72
10243,172,2,596.88
10244,9,24,1658.91
10245,307,2,240.05
10246,365,1,754.92
10247,15,3,1348.09
10248,224,2,6058.32
10249,31,4,1241.57
10250,4,2,543.12
10251,113,2,188.79
10252,21,4,408.03
10253,245,1,174.82
10254,1,38,553.08
10255,14,4,651.86
10256,30,2,2124.35
10257,18,15,929.8
10258,5,8,7327.97
10259,30,4,2187.48
10260,92,1,894.33
10261,17,4,837.19
10262,108,1,840.83
10263,250,1,3426.26
10264,30,47,1943.24
10265,9,2,310.59
10266,30,39,487.72
10267,282,1,1226.37
10268,283,12,763.77
10269,30,1,4068.36
10270,123,1,2441.14
10271,1,6,7206.04
10272,31,1,2758.27
10273,18,1,4514.22
10274,30,1,152.53
10275,284,1,189.5
10276,88,1,291.17
10277,4,1,716.32
10278,70,1,1397.82
10279,89,1,1297.35
10280,30,1,62.47
10281,222,8,248.62
10282,275,3,443.97
10283,337,4,2089.4
10284,12,14,423.99
10285,246,19,494.35
10286,30,38,4436.69
10287,92,11,302.57
10288,160,1,293.24
10289,236,1,463.97
10290,17,1,2639.52
10291,88,1,2349.51
10292,73,1,935.79
10293,12,1,431.37
10294,110,3,631.11
10295,39,3,949.53
10296,311,8,2460.75
10297,7,5,239.69
10298,345,4,454.59
10299,118,7,120.45
10300,49,1,292.18
10301,30,1,180.45
10302,189,2,86.63
10303,209,1,11790.68
10304,91,1,3305.72
10305,56,1,359.78
10306,28,48,3284.57
10307,33,3,356.74
10308,207,1,4079.14
10309,317,4,6071.38
10310,130,3,635.85
10311,31,2,3117.57
10312,228,25,3355.45
10313,2,1,142.98
10314,20,1,957.53
10315,222,1,2558.07
10316,15,1,5152.66
10317,14,3,178.83
10318,205,4,917.49
10319,14,2,282.35
10320,30,11,263.98
10321,258,1,3261.89
10322,262,13,6070.27
10323,85,1,1492.12
10324,299,3,359.99
10325,275,1,654.14
10326,22,1,4575.57
10327,224,12,474.32
10328,17,2,1796.77
10329,8,8,551.76
10330,82,1,1266.24
10331,69,1,1202.86
10332,17,1,3947.37
10333,31,4,304.92
10334,65,3,1818.58
10335,222,1,232.64
10336,31,1,884.33
10337,13,1,285.2
10338,114,3,188.74
10339,3,1,3152.23
10340,4,1,367.81
10341,67,1,685.69
10342,7,1,522.98
10343,46,23,527.93
10344,244,1,84.84
10345,267,2,169.6
10346,30,1,4908.53
10347,30,7,4710.38
10348,30,9,96.45
10349,12,17,892.7
10350,150,1,171.24
10351,365,1,2508.94
10352,221,2,6918.33
10353,17,4,623.85
10354,107,39,486.06
10355,365,1,3158.1
10356,60,3,3833.88
10357,238,1,1649.57
10358,309,1,252.26
10359,6,8,582.52
10360,151,1,828.7
10361,144,1,242.38
10362,1,2,460.56
10363,104,3,139.58
10364,82,1,1319.6
10365,282,1,135.21
10366,30,1,769.2
10367,86,1,1584.55
10368,282,3,971.44
10369,52,1,5857.36
10370,30,11,189.46
10371,30,1,255.84
10372,1,8,591.08
10373,157,1,384.47
10374,31,3,1002.49
10375,346,1,804.48
10376,151,2,98.52
10377,31,1,2292.02
10378,22,3,190.78
10379,230,4,36910.79
10380,209,1,738.99
10381,216,37,4965.43
10382,348,1,141.8
10383,13,1,761.33
10384,182,1,7554.76
10385,2,2,335.44
10386,89,1,262.57
10387,218,1,442.92
10388,327,1,518.72
10389,68,1,2060.46
10390,30,2,77.82
10391,30,2,156.38
10392,127,4,207.14
10393,68,1,1348.37
10394,81,1,406.47
10395,2,13,135.34
10396,17,1,2537.07
10397,59,1,399.66
10398,20,4,1039.38
10399,55,1,258.45
10400,30,3,710.93
10401,205,17,400.43
10402,3,1,645.77
10403,200,1,2568.24
10404,194,24,1576.93
10405,280,3,1943.77
10406,37,9,1182.81
10407,254,1,2275.98
10408,23,44,301.58
10409,365,27,197.62
10410,316,1,60.49
10411,30,11,1551.02
10412,237,1,9135.75
10413,337,40,356.01
10414,316,1,343.78
10415,157,1,1096.65
10416,80,3,274.06
10417,17,1,1387.22
10418,31,4,881.89
10419,102,5,904.17
10420,43,14,607.31
10421,230,1,2946.41
10422,30,9,1118.4
10423,30,2,311.26
10424,30,3,955.38
10425,150,3,15913.54
10426,260,13,1109.66
10427,10,7,126.18
10428,199,5,272.28
10429,253,3,1102.28
10430,7,1,830.82
10431,151,2,6161.76
10432,272,1,611.21
10433,23,5,376.96
10434,31,1,298.24
10435,36,2,1149.32
10436,31,1,269.46
10437,198,13,515.56
10438,3,1,260.21
10439,116,1,377.04
10440,174,1,3828.54
10441,35,1,250.01
10442,308,1,1282.84
10443,3,13,374.4
10444,3,1,187.36
10445,50,1,1469.87
10446,151,5,769.13
10447,261,1,633.4
10448,320,1,1207.88
10449,175,3,601.96
10450,213,3,171.0
10451,23,1,105.39
10452,339,1,366.48
10453,11,1,2627.04
10454,30,1,3057.84
10455,164,1,468.46
10456,5,1,162.11
10457,30,1,415.49
10458,236,4,461.44
10459,93,1,1988.62
10460,27,1,631.56
10461,12,1,436.02
10462,10,1,106.09
10463,5,3,4523.19
10464,262,4,445.0
10465,30,4,982.56
10466,35,2,2456.94
10467,23,4,82.53
10468,85,1,574.37
10469,12,14,811.9
10470,93,2,1498.13
10471,82,2,1969.25
10472,21,2,1292.63
10473,290,1,559.45
10474,276,11,402.29
10475,5,2,2246.48
10476,13,4,236.27
10477,151,3,80.93
10478,30,1,243.31
10479,30,1,366.0
10480,81,15,1072.81
10481,355,34,323.51
10482,20,24,485.26
10483,113,22,133.31
10484,30,3,526.9
10485,1,1,150.91
10486,187,1,469.28
10487,245,1,723.72
10488,235,4,514.5
10489,214,12,710.76
10490,208,1,103.36
10491,241,1,176.43
10492,203,4,721.61
10493,45,1,961.85
10494,31,1,376.08
10495,110,1,1279.94
10496,71,2,163.56
10497,30,3,195.56
10498,15,1,396.95
10499,99,14,798.63
10500,100,2,626.51
10501,26,35,1385.78
10502,247,1,13253.14
10503,101,14,3529.08
10504,365,1,1264.35
10505,30,1,852.51
10506,17,3,689.44
10507,30,10,816.87
10508,30,2,1813.98
10509,30,1,1087.09
10510,312,1,515.95
10511,2,1,229.52
10512,30,1,2346.5
10513,31,3,672.59
10514,150,1,63.75
10515,365,8,210.07
10516,31,1,40.46
10517,7,1,263.12
10518,79,1,1456.97
10519,108,1,1000.89
10520,10,4,1444.8
10521,78,5,238.04
10522,60,2,433.99
10523,30,2,142.07
10524,126,4,469.98
10525,30,3,1579.95
10526,8,1,264.83
10527,220,33,93.44
10528,136,1,1405.21
10529,166,4,794.73
10530,104,1,1720.44
10531,30,4,676.84
10532,284,1,167.26
10533,124,1,2244.37
10534,138,1,147.34
10535,282,1,6226.99
10536,106,1,702.23
10537,226,1,979.55
10538,234,3,1377.63
10539,56,4,336.1
10540,132,1,2541.63
10541,15,1,135.09
10542,29,1,326.38
10543,125,1,372.95
10544,44,6,76.58
10545,14,1,1039.04
10546,59,48,1578.94
10547,76,1,293.52
10548,16,4,508.43
10549,30,4,1050.0
10550,106,3,684.45
10551,365,2,1270.74
10552,61,12,266.62
10553,197,4,162.97
10554,1,1,450.6
10555,26,1,471.99
10556,30,17,1414.07
10557,365,1,209.21
10558,213,1,665.62
10559,3,3,754.29
10560,76,2,136.31
10561,206,1,435.22
10562,309,1,2195.24
10563,262,3,136.57
10564,124,48,670.98
10565,30,8,1606.14
10566,283,5,2168.03
10567,168,1,830.47
10568,130,1,1912.33
10569,31,1,147.82
10570,39,1,718.98
10571,25,1,410.95
10572,79,1,353.11
10573,255,1,201.69
10574,103,14,185.53
10575,120,1,33.82
10576,272,4,766.05
10577,64,34,386.61
10578,248,4,1545.92
10579,30,24,635.48
10580,1,7,2365.07
10581,46,1,1377.56
10582,67,9,1841.95
10583,1,17,744.76
10584,11,14,1356.7
10585,19,4,481.35
10586,188,1,1426.68
10587,305,1,2371.41
10588,267,3,2302.56
10589,74,1,868.73
10590,249,1,500.61
10591,31,23,618.4
10592,94,10,1064.14
10593,235,2,441.15
10594,30,1,1395.75
10595,95,34,2875.08
10596,244,2,826.45
10597,30,14,1126.61
10598,4,1,479.43
10599,30,2,1491.98
10600,291,1,2986.97
10601,28,21,644.95
10602,105,1,243.71
10603,113,1,467.66
10604,300,2,325.32
10605,224,1,818.53
10606,30,1,65.61
10607,248,3,443.54
10608,31,2,1046.54
10609,118,1,529.56
10610,322,9,94.51
10611,327,1,190.33
10612,27,4,1965.68
10613,30,4,106.55
10614,229,45,223.46
10615,32,14,817.03
10616,228,1,842.44
10617,21,2,646.8
10618,307,1,1272.65
10619,315,3,942.42
10620,208,1,554.47
10621,31,1,934.99
10622,225,1,2994.27
10623,201,2,531.81
10624,204,14,1149.58
10625,151,1,4556.85
10626,41,1,1002.04
10627,14,2,1163.02
10628,15,1,2298.76
10629,100,1,806.04
10630,125,2,710.87
10631,23,1,786.67
10632,235,3,2916.93
10633,306,1,443.63
10634,69,4,2011.46
10635,26,2,46.17
10636,155,2,3040.33
10637,198,4,29.81
10638,343,1,909.34
10639,114,1,195.73
10640,30,1,219.22
10641,204,41,250.08
10642,166,12,1268.79
10643,100,1,166.11
10644,85,1,53.32
10645,168,1,673.83
10646,130,1,4509.26
10647,108,3,3839.38
10648,55,6,4402.21
10649,5,1,66.96
10650,30,2,1533.64
10651,11,4,3003.84
10652,151,2,24.89
10653,365,24,505.99
10654,67,2,309.24
10655,30,4,1506.4
10656,37,29,665.18
10657,31,18,168.98
10658,45,2,4253.06
10659,122,28,3867.74
10660,32,1,77.94
10661,251,25,3209.15
10662,5,12,590.11
10663,108,10,4620.86
10664,232,6,2696.67
10665,50,1,3724.54
10666,71,43,362.72
10667,81,1,224.81
10668,30,1,404.53
10669,1,3,3446.02
10670,333,3,149.98
10671,30,1,723.53
10672,93,4,172.76
10673,142,1,2618.21
10674,14,1,317.36
10675,152,14,581.75
10676,262,2,1166.38
10677,22,1,1860.52
10678,8,2,2266.19
10679,7,4,3967.16
10680,1,1,161.92
10681,102,3,2578.99
10682,103,1,2324.07
10683,4,1,461.76
10684,30,1,938.37
10685,365,37,747.68
10686,30,26,1716.62
10687,51,1,1750.83
10688,16,2,2768.78
10689,7,1,398.6
10690,12,32,277.51
10691,13,4,500.99
10692,1,7,519.93
10693,310,9,893.83
10694,286,1,260.48
10695,30,10,645.87
10696,301,26,1290.13
10697,19,13,113.64
10698,157,7,449.02
10699,30,1,342.05
10700,48,1,62.73
10701,18,37,17254.95
10702,225,1,1208.8
10703,30,1,1617.24
10704,30,2,6897.12
10705,115,1,428.33
10706,55,13,172.5
10707,11,1,117.98
10708,334,2,967.25
10709,196,3,2978.78
10710,313,45,1780.88
10711,305,42,386.91
10712,26,1,278.23
10713,107,1,170.17
10714,39,14,307.75
10715,70,11,463.72
10716,10,13,209.37
10717,258,2,272.0
10718,126,3,268.26
10719,117,1,721.84
10720,254,1,53.67
10721,30,4,2845.65
10722,81,31,273.8
10723,30,2,1237.89
10724,109,3,140.71
10725,5,1,1713.89
10726,260,3,364.95
10727,125,9,3167.41
10728,83,4,350.04
10729,30,1,685.87
10730,295,4,486.04
10731,3,2,991.05
10732,36,1,666.41
10733,6,1,812.27
10734,30,1,569.87
10735,147,1,2375.25
10736,330,1,382.41
10737,30,13,455.67
10738,70,1,397.02
10739,96,6,218.59
10740,30,23,601.56
10741,3,4,1515.94
10742,31,12,597.45
10743,1,7,861.37
10744,247,1,260.26
10745,222,4,1065.83
10746,295,1,127.53
10747,30,5,593.24
10748,99,1,195.52
10749,30,1,196.01
10750,118,1,2376.77
10751,5,3,2626.34
10752,22,1,594.12
10753,118,1,295.55
10754,216,1,206.69
10755,14,3,857.49
10756,2,1,102.62
10757,226,1,556.33
10758,67,2,535.68
10759,3,45,886.49
10760,39,8,417.64
10761,276,1,1306.94
10762,30,43,782.26
10763,30,1,1271.92
10764,365,1,1854.72
10765,21,16,127.68
10766,77,4,1036.31
10767,38,18,66.26
10768,21,14,391.31
10769,1,1,409.22
10770,138,1,345.13
10771,7,1,10977.49
10772,5,1,518.53
10773,1,11,504.34
10774,30,11,1013.9
10775,303,1,574.44
10776,22,2,838.63
10777,1,3,274.63
10778,30,2,613.17
10779,251,8,4045.28
10780,1,1,296.16
10781,8,1,3260.9
10782,30,8,100.53
10783,30,1,229.81
10784,222,4,1219.31
10785,134,1,374.51
10786,252,1,164.7
10787,74,1,1013.59
10788,8,1,190.65
10789,210,1,2145.74
10790,110,4,774.85
10791,91,18,1776.63
10792,300,1,635.94
10793,348,1,981.18
10794,31,2,1799.16
10795,2,1,998.47
10796,228,1,564.36
10797,30,13,840.54
10798,60,1,348.67
10799,75,5,1239.63
10800,188,7,3993.36
10801,11,3,20901.64
10802,217,1,4809.37
10803,24,13,117.05
10804,30,1,144.05
10805,237,1,136.46
10806,253,6,314.45
10807,31,4,1055.48
10808,35,14,317.84
10809,5,27,71.99
10810,31,38,164.39
10811,229,1,553.64
10812,176,1,2484.89
10813,13,1,179.39
10814,58,11,2090.54
10815,38,4,348.94
10816,30,4,1318.33
10817,31,2,236.86
10818,31,1,574.58
10819,5,1,629.04
10820,31,1,610.63
10821,242,13,144.12
10822,10,1,4272.18
10823,19,1,114.88
10824,289,17,174.81
10825,174,2,2741.44
10826,30,1,2144.77
10827,30,2,458.7
10828,233,1,159.94
10829,32,1,1707.71
10830,239,1,2895.86
10831,1,1,650.36
10832,190,46,274.07
10833,207,6,2511.47
10834,267,1,824.68
10835,285,2,656.76
10836,72,13,515.5
10837,30,3,2085.4
10838,58,41,1093.92
10839,3,1,308.48
10840,78,2,528.95
10841,30,1,1931.44
10842,8,27,413.4
10843,30,1,346.34
10844,110,1,1296.42
10845,31,3,493.11
10846,14,2,8092.77
10847,66,2,921.72
10848,115,4,645.78
10849,176,3,1157.84
10850,342,3,2070.28
10851,301,2,1389.71
10852,151,3,1008.92
10853,123,4,1489.72
10854,10,3,5602.24
10855,30,2,132.14
10856,30,1,750.68
10857,320,1,537.41
10858,80,10,325.59
10859,118,4,1032.67
10860,113,1,85.87
10861,13,3,289.48
10862,75,3,987.26
10863,174,1,266.16
10864,292,1,331.6
10865,251,1,703.14
10866,6,1,168.36
10867,7,1,354.7
10868,29,1,258.65
10869,31,1,744.3
10870,3,10,298.95
10871,143,4,66.08
10872,215,4,5146.32
10873,6,1,518.04
10874,116,1,262.14
10875,83,3,757.79
10876,30,2,587.83
10877,6,1,326.3
10878,83,26,4090.65
10879,199,1,52.01
10880,31,1,102.24
10881,229,1,634.48
10882,31,4,878.68
10883,261,4,120.3
10884,17,2,211.46
10885,4,1,1749.96
10886,31,2,1256.48
10887,110,3,55.51
10888,263,4,2121.28
10889,102,20,3015.37
10890,12,1,659.62
10891,260,1,9418.75
10892,30,1,126.0
10893,63,4,1006.1
10894,30,2,2966.26
10895,183,1,3152.88
10896,31,45,1100.16
10897,259,5,673.54
10898,14,26,1552.96
10899,1,1,514.93
10900,114,1,1131.53
10901,229,1,465.12
10902,186,1,759.09
10903,134,2,580.59
10904,343,6,3741.07
10905,20,1,1473.81
10906,295,25,853.96
10907,6,1,451.77
10908,256,1,156.18
10909,41,6,473.46
10910,12,6,1456.92
10911,90,1,1380.56
10912,132,3,494.88
10913,272,6,448.93
10914,13,4,53.59
10915,288,1,716.96
10916,34,2,625.36
10917,1,6,125.15
10918,109,4,140.33
10919,200,44,1189.07
10920,267,1,670.33
10921,94,1,1949.21
10922,2,4,1287.97
10923,347,2,1506.49
10924,30,1,3972.03
10925,1,3,2143.55
10926,30,1,689.56
10927,104,3,270.27
10928,110,4,281.81
10929,102,1,34.49
10930,22,14,183.09
10931,86,1,648.41
10932,201,3,299.86
10933,30,27,508.38
10934,207,1,1272.48
10935,211,1,251.27
10936,155,2,658.05
10937,103,1,1306.44
10938,313,4,1426.46
10939,30,1,651.7
10940,49,3,216.86
10941,178,9,156.04
10942,221,1,699.06
10943,270,4,2389.38
10944,30,1,2491.03
10945,31,4,1447.57
10946,9,3,576.93
10947,28,2,432.23
10948,256,1,1965.08
10949,30,2,209.25
10950,38,1,998.91
10951,283,3,714.91
10952,228,2,1449.66
10953,30,1,592.87
10954,185,2,1234.89
10955,174,3,634.66
10956,210,3,2030.65
10957,30,1,472.94
10958,84,4,4260.9
10959,38,1,145.69
10960,327,12,268.69
10961,18,3,478.8
10962,11,1,82.87
10963,55,17,653.18
10964,239,28,2442.77
10965,268,14,548.55
10966,257,15,238.35
10967,325,3,1644.14
10968,30,1,272.47
10969,158,1,532.35
10970,111,6,431.95
10971,92,1,1284.32
10972,81,1,26203.27
10973,65,6,1382.11
10974,290,12,278.88
10975,23,1,409.66
10976,136,4,778.06
10977,30,4,2926.19
10978,31,3,1628.81
10979,30,1,1116.17
10980,78,1,707.97
10981,68,1,467.16
10982,79,2,932.73
10983,327,2,4802.93
10984,241,43,725.62
10985,107,1,1146.81
10986,5,21,4503.11
10987,31,10,4208.32
10988,20,7,554.21
10989,213,4,352.54
10990,48,12,393.39
10991,208,1,429.44
10992,177,1,829.54
10993,4,1,287.67
10994,39,2,538.77
10995,30,37,1921.8
10996,66,2,3704.47
10997,208,1,157.35
10998,6,19,1065.98
10999,234,1,946.56
11000,83,1,1904.77
11001,2,7,4609.32
11002,132,1,198.4
11003,50,1,139.47
11004,30,1,772.03
11005,30,8,1340.01
11006,7,1,641.36
11007,14,12,938.15
11008,315,40,274.17
11009,333,3,1392.7
11010,30,1,234.61
11011,2,24,1553.63
11012,257,26,166.87
11013,314,1,1271.23
11014,117,1,5129.64
11015,86,41,220.84
11016,82,1,2516.92
11017,29,13,160.91
11018,115,1,599.12
11019,102,3,313.26
11020,107,3,792.16
11021,101,1,816.58
11022,299,1,815.81
11023,23,1,419.3
11024,31,1,510.24
11025,277,2,898.29
11026,57,4,1400.47
11027,31,1,613.74
11028,100,11,983.03
11029,30,1,771.94
11030,56,1,265.44
11031,283,3,1452.16
11032,313,1,67.15
11033,29,4,2539.05
11034,58,1,459.71
11035,30,1,227.75
11036,10,1,299.34
11037,241,1,5260.23
11038,91,1,1069.81
11039,16,1,671.24
11040,246,35,406.44
11041,31,2,339.42
11042,1,1,101.15
11043,249,2,392.74
11044,76,4,139.72
11045,4,1,631.96
11046,15,3,272.66
11047,23,3,2019.97
11048,242,1,367.81
11049,26,1,394.53
11050,8,6,481.43
11051,79,3,520.5
11052,193,1,2313.32
11053,30,1,1065.37
11054,16,1,1172.44
11055,83,13,378.5
11056,151,1,313.1
11057,7,44,484.61
11058,245,3,343.81
11059,41,1,4128.41
11060,251,1,1043.74
11061,13,1,3914.58
11062,319,1,1956.17
11063,226,27,656.32
11064,12,1,871.7
11065,55,1,319.32
11066,224,21,697.33
11067,1,1,329.83
11068,311,1,918.32
11069,73,34,132.8
11070,30,1,28.48
11071,73,4,783.98
11072,29,1,274.83
11073,49,19,216.53
11074,14,16,192.71
11075,91,5,275.45
11076,310,6,1213.29
11077,30,1,42.36
11078,5,20,148.55
11079,302,2,661.73
11080,269,1,3021.36
11081,114,1,1709.45
11082,151,1,8951.54
11083,8,3,606.86
11084,58,1,1255.93
11085,84,1,34883.91
11086,40,1,486.5
11087,20,4,3782.05
11088,277,1,997.7
11089,56,4,370.71
11090,30,1,1846.78
11091,280,2,252.73
11092,21,15,2268.37
11093,243,14,9424.28
11094,30,3,461.96
11095,17,4,176.66
11096,31,1,380.35
11097,226,4,1355.95
11098,14,29,105.75
11099,270,1,795.89
11100,271,2,2076.05
11101,170,2,195.93
11102,25,1,326.44
11103,30,4,1149.4
11104,59,34,234.24
11105,30,1,1021.99
11106,291,2,466.44
11107,30,1,181.69
11108,221,1,749.52
11109,235,3,658.37
11110,209,1,186.29
11111,111,1,542.81
11112,3,1,616.12
11113,151,1,5354.33
11114,264,3,165.43
11115,288,2,2081.44
11116,92,1,1349.38
11117,230,2,7982.53
11118,114,2,2443.71
11119,89,4,312.24
11120,306,1,450.8
11121,31,3,4480.96
11122,3,1,212.15
11123,90,20,657.49
11124,64,13,598.1
11125,30,2,685.63
11126,88,1,886.65
11127,103,1,1057.39
11128,30,1,663.5
11129,26,1,236.75
11130,297,2,96.75
11131,30,1,274.04
11132,18,4,266.15
11133,16,3,754.93
11134,30,1,2767.07
11135,5,1,596.47
11136,11,1,1932.23
11137,82,1,829.11
11138,242,1,1317.76
11139,25,9,366.84
11140,1,2,425.49
11141,309,2,2293.46
11142,90,2,404.26
11143,5,11,126.2
11144,159,1,759.59
11145,182,13,547.09
11146,30,43,231.95
11147,272,1,548.78
11148,81,3,849.95
11149,17,27,870.84
11150,15,1,5325.43
11151,30,4,1555.12
11152,91,3,625.13
11153,5,4,302.27
11154,221,1,2242.95
11155,1,17,188.01
11156,30,1,460.63
11157,209,1,396.45
11158,276,1,3242.93
11159,287,3,3942.6
11160,99,1,206.76
11161,12,1,365.51
11162,206,43,1455.31
11163,30,1,747.11
11164,365,1,878.79
11165,112,3,262.72
11166,270,7,264.64
11167,63,47,908.25
11168,139,3,348.38
11169,217,1,94.07
11170,219,27,1005.56
11171,50,1,461.83
11172,30,8,448.86
11173,179,1,477.31
11174,274,1,768.51
11175,247,1,512.82
11176,90,3,1285.59
11177,9,1,915.31
11178,13,1,67.97
11179,96,2,49.51
11180,26,2,7838.32
11181,24,13,2148.53
11182,28,6,578.17
11183,135,1,1036.39
11184,16,1,993.26
11185,78,3,1408.76
11186,66,14,492.73
11187,60,1,1044.04
11188,63,4,548.12
11189,30,13,415.62
11190,32,2,1945.79
11191,90,1,344.09
11192,304,1,1313.3
11193,7,1,5516.98
11194,150,1,156.94
11195,269,4,1075.36
11196,11,1,222.79
11197,5,4,2690.49
11198,30,1,3588.32
11199,202,1,570.09
11200,30,12,1461.26
11201,53,1,155.66
11202,251,43,248.97
11203,17,1,154.78
11204,212,36,204.1
11205,30,4,796.74
11206,126,4,1668.28
11207,30,1,274.71
11208,81,1,2917.33
11209,23,18,786.55
11210,150,1,267.38
11211,11,2,296.07
11212,229,1,593.93
11213,30,13,246.07
11214,213,1,5322.34
11215,4,3,686.9
11216,11,4,1597.32
11217,15,3,1164.3
11218,83,1,261.75
11219,10,1,351.45
11220,4,2,2558.21
11221,8,4,388.3
11222,90,8,322.55
11223,224,4,340.91
11224,1,1,1896.74
11225,151,2,1020.86
11226,79,13,630.33
11227,195,1,381.93
11228,297,1,787.52
11229,27,9,66.41
11230,130,1,1429.79
11231,152,4,1692.26
11232,289,21,834.87
11233,220,1,903.6
11234,266,1,1079.46
11235,255,1,1389.13
11236,92,1,1826.03
11237,38,1,294.6
11238,81,3,636.96
11239,80,1,108.71
11240,24,1,539.84
11241,91,13,173.01
11242,236,1,104.59
11243,91,1,1380.71
11244,274,1,1736.0
11245,9,1,2396.97
11246,28,3,148.62
11247,84,9,390.54
11248,150,1,1843.35
11249,273,4,360.69
11250,10,1,99.26
11251,63,4,1750.69
11252,227,1,276.7
11253,12,1,1994.28
11254,17,4,1513.25
11255,255,1,474.39
11256,113,7,1379.28
11257,2,3,153.0
11258,192,3,1631.83
11259,222,1,833.57
11260,12,2,1079.53
11261,208,3,1300.36
11262,117,1,950.34
11263,209,3,187.02
11264,30,1,2760.71
11265,73,1,155.86
11266,2,7,482.57
11267,89,8,146.99
11268,211,1,1665.4
11269,30,48,283.53
11270,218,1,30.62
11271,280,1,920.28
11272,254,1,766.25
11273,23,1,2098.13
11274,84,4,960.84
11275,261,1,235.9
11276,24,1,1937.52
11277,30,1,228.16
11278,132,11,554.89
11279,292,4,1256.31
11280,227,2,747.77
11281,176,1,174.73
11282,274,1,93.79
11283,64,3,83.1
11284,226,13,2408.07
11285,86,3,336.02
11286,272,2,345.51
11287,1,1,689.73
11288,31,1,4113.66
11289,280,34,2073.58
11290,30,1,122.88
11291,15,3,448.29
11292,65,2,672.83
11293,9,1,156.74
11294,258,2,312.44
11295,250,1,373.53
11296,105,2,1097.19
11297,221,1,1102.74
11298,200,2,296.07
11299,225,1,584.97
11300,31,1,1798.8
11301,283,1,733.85
11302,20,46,216.44
11303,45,1,170.2
11304,238,3,318.61
11305,252,19,676.81
11306,282,2,346.73
11307,150,8,196.96
11308,196,1,4841.97
11309,32,1,789.63
11310,270,1,1342.39
11311,30,12,805.39
11312,31,1,8659.09
11313,247,4,454.87
11314,31,1,1674.3
11315,191,1,796.84
11316,30,3,782.87
11317,171,1,311.66
11318,9,49,86.68
11319,250,1,242.11
11320,151,1,970.05
11321,197,3,1109.26
11322,150,1,97.75
11323,16,1,2165.33
11324,230,4,1101.32
11325,30,1,291.77
11326,181,1,202.68
11327,31,1,2569.27
11328,94,1,839.36
11329,6,1,189.63
11330,304,1,893.46
11331,115,1,273.95
11332,2,5,441.78
11333,96,4,1664.16
11334,151,1,354.85
11335,299,1,822.38
11336,223,12,147.16
11337,150,2,751.7
11338,30,1,392.93
11339,30,13,617.6
11340,284,1,3471.13
11341,32,3,378.08
11342,190,1,235.24
11343,68,4,635.6
11344,97,45,719.75
11345,41,1,824.71
11346,327,3,419.88
11347,272,1,203.31
11348,232,1,273.22
11349,270,39,2197.25
11350,82,1,1087.44
11351,235,2,644.72
11352,33,2,930.06
11353,339,8,239.39
11354,276,1,742.51
11355,30,34,1740.58
11356,12,1,58.54
11357,59,1,626.19
11358,89,3,721.98
11359,263,15,1293.98
11360,245,2,1207.53
11361,257,1,1469.87
11362,201,3,1081.1
11363,97,5,347.2
11364,63,2,812.69
11365,20,2,1550.25
11366,14,4,346.39
11367,7,1,649.62
11368,189,1,583.63
11369,57,2,62.33
11370,30,1,107.15
11371,308,1,8507.2
11372,31,1,400.28
11373,150,10,1246.33
11374,364,23,2085.15
11375,12,1,2645.86
11376,303,7,95.94
11377,89,8,405.48
11378,84,44,581.45
11379,31,6,302.91
11380,3,11,1314.96
11381,135,43,829.01
11382,31,4,358.39
11383,13,5,104.46
11384,43,1,1976.89
11385,124,4,1180.09
11386,30,3,825.97
11387,4,1,203.07
11388,222,2,2848.25
11389,315,1,497.29
11390,206,2,447.57
11391,13,13,1054.31
11392,151,1,5217.64
11393,365,1,40.39
11394,1,10,139.6
11395,31,2,107.11
11396,242,1,150.99
11397,96,2,1044.6
11398,191,3,313.66
11399,307,4,2778.08
11400,76,1,6575.67
11401,3,12,1268.47
11402,18,1,3738.47
11403,30,4,152.22
11404,285,17,598.77
11405,4,14,5811.67
11406,99,38,422.13
11407,214,1,7275.69
11408,325,21,2120.52
11409,190,1,1954.11
11410,150,28,4562.19
11411,34,2,308.38
11412,365,1,1034.52
11413,9,43,2046.76
11414,1,3,878.59
11415,21,2,409.2
11416,338,2,267.06
11417,23,2,385.64
11418,294,10,272.58
11419,198,1,5119.63
11420,225,1,109.7
11421,9,1,270.87
11422,244,1,3426.04
11423,6,12,120.4
11424,241,1,2146.04
11425,2,2,272.67
11426,125,2,618.73
11427,5,1,679.19
11428,175,4,878.41
11429,104,1,588.85
11430,7,6,310.78
11431,24,4,1396.78
11432,202,4,1191.74
11433,76,11,683.37
11434,196,3,384.07
11435,269,48,140.81
11436,313,13,784.73
11437,14,2,1070.55
11438,24,9,2429.8
11439,151,10,466.25
11440,270,2,243.04
11441,30,1,943.07
11442,13,3,201.84
11443,139,1,874.68
11444,30,1,1327.36
11445,30,1,550.49
11446,63,3,2389.86
11447,98,1,482.88
11448,60,1,1692.79
11449,13,1,625.23
11450,21,48,191.45
11451,44,21,8259.39
11452,30,1,330.86
11453,51,47,624.6
11454,83,1,178.37
11455,277,4,1202.26
11456,31,12,1221.91
11457,30,1,700.91
11458,256,1,109.35
11459,195,1,1850.18
11460,125,1,436.8
11461,5,1,316.53
11462,30,3,7524.98
11463,300,1,90.77
11464,156,1,53.56
11465,327,2,250.06
11466,225,42,341.56
11467,5,4,1217.6
11468,30,1,102.47
11469,318,1,210.96
11470,237,1,1245.3
11471,33,1,290.3
11472,89,6,7544.49
11473,30,4,697.68
11474,151,1,421.05
11475,1,1,964.76
11476,282,1,289.78
11477,88,1,1421.04
11478,88,3,11122.47
11479,77,1,567.53
11480,11,2,297.86
11481,8,1,492.2
11482,30,1,96.09
11483,262,5,3366.91
11484,5,9,117.26
11485,151,3,79.64
11486,192,13,356.6
11487,230,1,56.12
11488,56,6,123.36
11489,114,2,1502.88
11490,30,5,2428.87
11491,39,5,295.06
11492,255,4,927.95
11493,262,1,630.49
11494,1,1,160.78
11495,151,1,4722.05
11496,243,24,1154.34
11497,30,2,5423.36
11498,199,21,505.1
11499,112,4,1373.08
11500,30,3,573.3
11501,105,1,1041.38
11502,86,1,1518.63
11503,18,4,1726.37
11504,195,1,386.69
11505,13,1,2388.9
11506,30,6,370.28
11507,8,1,15502.39
11508,30,1,1135.19
11509,30,1,385.98
11510,111,1,124.0
11511,77,41,10296.14
11512,75,1,415.58
11513,5,11,1170.31
11514,243,1,2334.19
11515,56,9,574.05
11516,5,1,116.67
11517,129,2,158.9
11518,30,2,1044.65
11519,30,3,1873.34
11520,55,4,576.36
11521,112,1,2783.43
11522,127,5,1100.06
11523,215,1,3160.32
11524,128,1,369.33
11525,239,8,127.5
11526,110,5,247.28
11527,86,4,2271.88
11528,3,12,301.97
11529,30,1,631.84
11530,83,38,827.78
11531,260,49,293.82
11532,14,14,262.38
11533,11,2,617.72
11534,49,1,270.71
11535,24,13,1331.56
11536,30,6,2079.13
11537,78,1,221.33
11538,30,3,225.22
11539,30,1,1040.0
11540,30,1,87.66
11541,183,46,172.77
11542,242,1,406.98
11543,291,1,159.32
11544,247,1,3815.28
11545,31,1,337.11
11546,251,30,313.9
11547,196,1,1508.76
11548,365,4,97.3
11549,30,1,1767.44
11550,13,1,1097.81
11551,125,2,182.23
11552,16,14,1658.82
11553,310,1,130.94
11554,3,1,366.54
11555,90,1,232.52
11556,319,4,310.99
11557,310,48,123.32
11558,113,3,852.51
11559,30,1,2399.86
11560,274,1,883.21
11561,253,1,1987.34
11562,124,3,725.0
11563,41,1,124.81
11564,31,3,1414.19
11565,1,1,252.08
11566,199,4,3312.09
11567,251,4,1090.19
11568,31,12,6031.64
11569,30,9,1194.59
11570,216,12,1040.27
11571,230,13,288.27
11572,9,1,984.6
11573,30,2,239.96
11574,78,1,445.26
11575,365,1,1430.19
11576,1,1,444.09
11577,26,4,856.0
11578,1,1,595.26
11579,30,37,4377.33
11580,252,1,3290.33
11581,6,3,123.09
11582,4,5,571.88
11583,23,3,174.41
11584,15,1,929.09
11585,93,8,216.89
11586,1,1,121.32
11587,151,4,425.11
11588,224,1,837.39
11589,295,12,385.2
11590,26,11,980.41
11591,111,32,532.1
11592,233,20,686.7
11593,23,1,872.16
11594,52,2,241.86
11595,36,3,410.54
11596,222,10,1097.09
11597,309,1,4780.09
11598,79,1,238.45
11599,170,8,529.12
11600,11,1,335.12
11601,7,7,353.85
11602,22,1,1591.43
11603,187,8,221.85
11604,9,13,1979.33
11605,83,10,415.79
11606,14,1,1299.27
11607,40,4,356.87
11608,209,1,1378.01
11609,71,1,1017.78
11610,40,1,362.7
11611,35,22,2690.43
11612,18,1,240.33
11613,30,10,500.73
11614,242,1,47.4
11615,339,1,408.6
11616,280,3,1094.96
11617,209,1,167.62
11618,224,1,3126.25
11619,92,1,2665.72
11620,206,1,592.02
11621,30,38,2382.47
11622,222,4,274.76
11623,192,4,102.15
11624,175,1,1058.07
11625,246,2,252.78
11626,2,1,705.34
11627,24,1,177.88
11628,142,4,2406.54
11629,85,1,229.03
11630,230,1,709.0
11631,94,2,1512.34
11632,16,1,1534.71
11633,274,1,919.27
11634,291,1,1992.47
11635,333,1,736.83
11636,50,4,995.7
11637,335,3,270.71
11638,18,44,695.54
11639,30,1,1200.2
11640,187,1,4811.97
11641,110,1,1924.17
11642,116,6,362.0
11643,98,8,267.89
11644,7,1,3771.69
11645,173,2,536.13
11646,185,2,193.57
11647,10,1,98.58
11648,341,1,188.34
11649,61,1,1553.77
11650,4,10,335.55
11651,30,1,290.26
11652,17,1,305.65
11653,13,1,213.6
11654,272,4,1352.05
11655,30,2,1154.83
11656,66,4,1120.56
11657,277,1,1381.95
11658,49,44,466.97
11659,57,4,736.06
11660,114,4,1976.9
11661,227,3,1492.69
11662,232,7,568.23
11663,7,10,478.28
11664,86,1,81.16
11665,123,1,1180.44
11666,249,3,1072.12
11667,128,1,2171.21
11668,76,4,687.06
11669,13,3,1012.37
11670,91,1,277.24
11671,120,1,276.9
11672,319,11,166.82
11673,30,1,856.31
11674,30,16,83.1
11675,114,1,44.09
11676,2,10,2251.01
11677,304,4,243.03
11678,281,1,419.47
11679,86,2,574.9
11680,1,1,558.47
11681,30,1,2600.27
11682,2,7,495.24
11683,17,5,124.61
11684,185,27,278.61
11685,30,4,1541.39
11686,291,3,443.59
11687,293,3,920.6
11688,194,6,320.73
11689,119,1,297.92
11690,18,4,1841.8
11691,103,7,728.8
11692,17,1,92.67
11693,30,2,1537.64
11694,318,11,257.84
11695,13,2,366.09
11696,249,3,971.94
11697,89,4,1969.4
11698,192,2,591.42
11699,272,43,5764.77
11700,97,1,1119.1
11701,174,2,160.68
11702,166,1,991.05
11703,87,1,872.23
11704,89,6,855.17
11705,115,4,607.95
11706,30,2,193.5
11707,213,4,1686.71
11708,24,8,876.0
11709,26,11,931.41
11710,53,4,2456.06
11711,168,3,441.02
11712,10,2,319.52
11713,162,3,377.45
11714,118,32,791.12
11715,151,1,593.51
11716,30,5,1030.21
11717,30,1,147.17
11718,306,1,254.3
11719,14,25,1282.18
11720,164,3,344.23
11721,204,22,209.81
11722,238,1,103.17
11723,18,3,366.57
11724,18,48,823.03
11725,345,1,363.18
11726,8,1,331.15
11727,30,1,7371.46
11728,250,1,1854.96
11729,128,37,1436.39
11730,9,2,183.14
11731,30,1,3038.56
11732,59,1,601.8
11733,83,1,943.17
11734,30,2,506.53
11735,30,1,992.33
11736,80,1,288.03
11737,288,4,674.18
11738,80,3,688.26
11739,13,11,874.25
11740,91,1,2246.57
11741,198,1,181.62
11742,14,1,1772.07
11743,30,1,141.29
11744,20,14,3988.77
11745,67,1,244.08
11746,281,1,957.78
11747,187,4,4876.38
11748,125,1,324.99
11749,283,1,6111.48
11750,215,1,439.0
11751,18,1,1587.28
11752,342,9,50.63
11753,212,3,5036.75
11754,25,4,375.71
11755,357,1,378.31
11756,69,1,3493.88
11757,2,1,1081.79
11758,263,9,229.86
11759,203,3,58.1
11760,134,1,209.67
11761,352,1,847.78
11762,30,2,157.37
11763,105,2,2926.56
11764,39,6,1235.47
11765,210,2,181.32
11766,64,1,166.1
11767,30,8,1713.49
11768,30,1,342.55
11769,31,9,920.84
11770,62,1,51.58
11771,21,4,3217.44
11772,81,11,504.66
11773,92,10,2069.9
11774,138,1,1461.03
11775,235,1,1447.66
11776,182,1,343.86
11777,211,1,613.79
11778,78,1,1832.68
11779,273,3,1753.7
11780,274,7,3163.58
11781,215,1,276.06
11782,245,1,57.49
11783,73,2,979.56
11784,2,2,860.28
11785,30,1,95.96
11786,11,3,805.76
11787,15,4,1043.61
11788,87,1,638.5
11789,139,1,590.91
11790,249,49,5913.45
11791,257,1,667.1
11792,87,2,357.39
11793,150,1,328.9
11794,31,1,500.44
11795,30,1,1197.99
11796,187,3,330.79
11797,9,1,1566.84
11798,282,19,46.22
11799,168,4,628.39
11800,30,47,1097.68
11801,68,6,1734.09
11802,85,9,120.95
11803,1,1,893.06
11804,193,1,224.93
11805,93,3,514.96
11806,36,1,449.52
11807,103,12,1131.17
11808,26,1,3527.96
11809,4,37,4374.44
11810,1,9,452.39
11811,3,1,819.57
11812,222,1,1126.97
11813,45,2,4467.88
11814,299,4,2355.21
11815,108,4,707.15
11816,48,7,30.65
11817,150,1,217.38
11818,114,3,454.43
11819,333,32,475.57
11820,267,1,2036.16
11821,24,2,1402.19
11822,4,1,185.35
11823,9,4,1079.33
11824,86,5,1566.24
11825,30,1,2592.29
11826,280,1,772.71
11827,307,2,769.26
11828,29,13,6109.49
11829,31,3,138.85
11830,169,2,259.53
11831,123,1,719.53
11832,233,3,571.57
11833,68,3,234.97
11834,257,1,416.97
11835,30,1,945.12
11836,246,1,337.94
11837,219,4,792.64
11838,365,21,2344.19
11839,77,1,332.31
11840,251,4,3293.71
11841,89,39,673.18
11842,14,1,70.48
11843,106,1,140.67
11844,2,2,197.01
11845,297,3,1948.02
11846,124,3,233.43
11847,173,4,568.49
11848,211,1,513.64
11849,30,22,477.28
11850,30,1,121.45
11851,231,10,654.85
11852,56,17,213.36
11853,173,1,1981.32
11854,4,10,624.67
11855,104,1,603.55
11856,83,1,902.47
11857,112,3,5582.89
11858,101,1,260.41
11859,12,1,301.48
11860,31,7,390.8
11861,30,34,206.16
11862,339,8,1556.64
11863,65,3,2338.12
11864,35,25,391.12
11865,269,1,145.45
11866,365,1,176.08
11867,16,2,930.97
11868,201,7,1872.15
11869,2,1,535.92
11870,30,2,1137.54
11871,278,38,2464.78
11872,92,1,2815.58
11873,14,1,507.5
11874,105,3,915.67
11875,9,1,713.02
11876,135,1,958.87
11877,365,17,76.54
11878,31,1,38037.06
11879,214,4,384.05
11880,125,1,3793.61
11881,123,30,690.93
11882,30,12,217.16
11883,251,1,671.55
11884,129,1,1371.05
11885,75,2,675.97
11886,287,36,1277.25
11887,3,3,15431.61
11888,303,2,329.92
11889,99,12,1152.64
11890,3,1,1732.25
11891,311,1,828.2
11892,175,1,4909.59
11893,30,1,145.15
11894,240,3,185.89
11895,285,1,2727.9
11896,6,1,2831.31
11897,6,13,1300.11
11898,266,1,779.9
11899,150,2,427.02
11900,9,2,394.69
11901,175,1,127.15
11902,27,1,2342.91
11903,13,2,104.78
11904,14,1,2760.86
11905,295,13,1263.47
11906,32,1,670.69
11907,240,48,177.71
11908,75,3,1604.79
11909,46,3,186.2
11910,6,14,1444.04
11911,23,1,751.48
11912,82,1,2189.37
11913,174,7,812.9
11914,218,8,977.32
11915,30,14,307.3
11916,103,3,900.93
11917,10,1,2602.58
11918,19,4,230.7
11919,277,1,1086.08
11920,74,9,389.36
11921,211,8,1479.66
11922,102,14,522.57
11923,237,6,276.4
11924,1,1,368.34
11925,79,1,468.03
11926,31,1,1046.11
11927,4,4,173.02
11928,28,9,716.59
11929,54,1,206.67
11930,13,1,438.46
11931,7,1,310.09
11932,4,4,1476.45
11933,15,7,221.76
11934,62,1,1735.64
11935,2,1,3560.73
11936,3,4,414.15
11937,57,4,492.08
11938,272,4,811.15
11939,9,4,803.99
11940,161,5,357.12
11941,260,1,1484.78
11942,1,2,235.71
11943,130,1,2152.96
11944,33,1,168.54
11945,211,1,479.76
11946,104,34,284.3
11947,254,12,485.0
11948,19,6,822.97
11949,340,1,519.9
11950,189,4,2783.6
11951,151,21,719.67
11952,365,1,11184.69
11953,251,5,426.0
11954,59,1,353.73
11955,30,25,7891.73
11956,133,11,2563.12
11957,28,4,901.09
11958,30,13,2574.13
11959,151,2,502.37
11960,28,1,1238.31
11961,10,1,776.29
11962,24,8,317.76
11963,72,1,965.45
11964,5,1,4211.18
11965,187,1,232.38
11966,1,9,488.48
11967,240,7,83.27
11968,30,1,9935.77
11969,262,1,643.25
11970,293,1,946.84
11971,284,1,319.61
11972,28,1,1842.32
11973,231,9,173.76
11974,5,1,1671.89
11975,30,1,216.61
11976,39,7,79.83
11977,84,3,747.91
11978,30,1,742.1
11979,12,1,2296.93
11980,181,1,542.37
11981,238,10,1182.83
11982,127,1,887.41
11983,62,19,680.44
11984,164,1,1631.17
11985,19,1,686.38
11986,30,2,38.27
11987,30,2,1622.31
11988,30,1,334.7
11989,25,2,1124.31
11990,17,2,476.61
11991,14,1,598.61
11992,289,1,99.83
11993,30,1,188.02
11994,37,1,209.3
11995,147,1,402.18
11996,65,46,4024.49
11997,258,2,1017.6
11998,26,1,560.91
11999,128,43,223.35
12000,2,3,2840.33
12001,11,1,492.21
12002,30,35,2775.46
12003,10,3,124.49
12004,151,5,525.04
12005,21,29,421.76
12006,30,5,1308.72
12007,74,1,155.89
12008,30,1,446.81
12009,139,3,481.18
12010,14,2,349.88
12011,6,3,807.75
12012,57,2,655.09
12013,30,4,132.16
12014,336,14,5820.08
12015,142,41,113.25
12016,256,1,268.1
12017,228,1,371.01
12018,60,1,3754.89
12019,316,15,740.06
12020,17,1,98.87
12021,31,5,300.82
12022,10,5,916.29
12023,103,1,930.59
12024,55,2,1278.12
12025,64,2,3786.91
12026,343,10,1937.95
12027,48,1,870.72
12028,219,2,96.32
12029,11,1,86.95
12030,31,1,751.05
12031,159,1,525.36
12032,18,1,771.62
12033,71,8,203.96
12034,18,4,1310.18
12035,263,2,764.89
12036,63,1,795.45
12037,4,1,1170.28
12038,15,3,1798.06
12039,165,32,79.97
12040,296,1,361.44
12041,28,1,239.12
12042,26,3,435.09
12043,106,1,106.0
12044,279,2,437.2
12045,16,8,4229.52
12046,150,1,3721.18
12047,25,1,76.96
12048,1,1,840.89
12049,87,1,457.71
12050,213,23,338.74
12051,87,1,2514.57
12052,77,1,1040.68
12053,30,1,869.97
12054,213,14,7169.81
12055,30,1,713.8
12056,318,2,479.56
12057,246,1,504.25
12058,257,5,1646.15
12059,303,7,502.01
12060,240,9,2332.48
12061,56,3,45.12
12062,276,3,586.37
12063,96,1,109.75
12064,113,10,145.43
12065,4,1,850.56
12066,344,1,801.58
12067,4,1,551.77
12068,243,2,529.55
12069,30,12,249.96
12070,41,1,498.29
12071,178,9,974.4
12072,75,2,890.21
12073,237,5,353.67
12074,187,9,81.03
12075,217,46,121.99
12076,290,1,1885.74
12077,242,2,925.46
12078,31,1,524.66
12079,110,1,5343.92
12080,80,2,551.81
12081,278,1,3562.7
12082,169,3,245.07
12083,18,1,242.1
12084,5,2,533.51
12085,27,7,343.53
12086,59,1,662.78
12087,30,1,308.49
12088,108,1,151.06
12089,8,10,1215.64
12090,33,3,1361.44
12091,30,1,1548.64
12092,7,11,4442.05
12093,296,1,1719.07
12094,4,6,1076.92
12095,1,3,83.14
12096,4,1,327.8
12097,7,4,3028.7
12098,295,2,750.63
12099,256,1,336.44
12100,165,1,392.56
12101,2,4,658.09
12102,189,1,149.2
12103,8,2,1008.3
12104,225,4,257.12
12105,250,1,201.71
12106,30,3,651.46
12107,92,4,504.36
12108,56,1,2412.42
12109,152,8,330.11
12110,156,2,391.7
12111,248,1,904.85
12112,10,2,4446.15
12113,291,1,569.23
12114,23,1,722.89
12115,14,3,3351.74
12116,185,12,1971.18
12117,12,4,580.28
12118,216,1,1076.62
12119,289,1,860.4
12120,76,1,2424.11
12121,249,1,308.45
12122,6,2,1260.67
12123,128,1,3822.81
12124,151,34,240.77
12125,79,1,268.29
12126,269,34,536.43
12127,179,49,331.45
12128,80,1,704.0
12129,20,14,320.16
12130,16,47,135.2
12131,24,4,558.44
12132,64,2,111.53
12133,30,1,406.93
12134,65,8,1243.56
12135,88,1,385.6
12136,202,2,679.95
12137,30,1,381.34
12138,2,2,639.72
12139,71,1,800.56
12140,19,30,1389.92
12141,17,1,518.89
12142,30,18,1218.59
12143,274,4,400.43
12144,96,1,1624.48
12145,64,3,2054.64
12146,27,1,326.45
12147,242,3,5761.74
12148,136,12,1616.81
12149,17,7,1366.91
12150,345,1,493.31
12151,20,1,870.67
12152,87,1,74.72
12153,30,1,489.26
12154,231,4,204.63
12155,18,1,2288.52
12156,226,2,179.07
12157,111,1,122.8
12158,23,4,318.35
12159,245,2,545.73
12160,80,46,1510.04
12161,261,1,385.18
12162,320,42,637.16
12163,96,1,268.73
12164,111,16,751.2
12165,30,13,1369.85
12166,259,1,5872.41
12167,30,1,169.62
12168,259,1,2715.76
12169,219,4,1295.14
12170,71,1,305.02
12171,295,4,1035.11
12172,100,2,390.24
12173,5,4,346.51
12174,105,1,210.84
12175,30,27,121.1
12176,23,48,353.29
12177,254,4,64.52
12178,30,1,792.66
12179,89,3,2581.75
12180,54,49,838.27
12181,30,1,335.87
12182,91,1,784.89
12183,281,4,836.87
12184,191,5,1526.12
12185,336,2,1187.7
12186,270,3,920.66
12187,80,14,2265.21
12188,18,9,547.4
12189,30,1,1561.44
12190,12,4,2710.7
12191,45,3,237.73
12192,107,4,264.12
12193,112,1,2207.1
12194,151,1,1398.25
12195,47,1,618.9
12196,56,1,2303.98
12197,279,2,1555.64
12198,15,2,324.91
12199,29,1,1111.61
12200,221,43,11511.81
12201,247,1,1102.96
12202,220,1,1982.16
12203,337,24,178.5
12204,216,2,568.4
12205,208,2,329.19
12206,82,4,1488.31
12207,173,6,373.23
12208,59,1,746.2
12209,30,1,6410.07
12210,8,11,1350.48
12211,190,1,348.73
12212,25,11,95.52
12213,30,2,32.61
12214,238,1,250.3
12215,179,30,98.71
12216,10,34,106.36
12217,6,4,756.44
12218,120,2,120.39
12219,3,6,172.25
12220,46,2,889.77
12221,96,4,190.02
12222,95,3,308.84
12223,22,1,775.58
12224,288,4,1278.34
12225,87,1,222.91
12226,87,11,213.1
12227,293,1,3019.91
12228,81,1,1602.89
12229,24,1,232.93
12230,263,1,1758.98
12231,3,1,4788.21
12232,341,4,115.77
12233,6,7,2788.53
12234,40,1,1264.76
12235,260,1,284.16
12236,88,1,463.21
12237,283,16,765.18
12238,8,2,170.6
12239,159,1,45.66
12240,177,3,260.93
12241,76,4,633.54
12242,21,1,741.26
12243,215,1,205.45
12244,4,1,247.51
12245,40,1,247.19
12246,21,1,428.6
12247,78,8,489.55
12248,4,2,527.98
12249,239,6,792.82
12250,5,3,641.9
12251,264,1,1000.3
12252,13,2,641.83
12253,1,1,567.64
12254,8,13,1083.41
12255,322,2,2269.34
12256,43,1,358.58
12257,101,8,702.6
12258,317,3,2088.62
12259,25,1,131.11
12260,65,9,933.17
12261,71,1,1580.35
12262,9,9,972.15
12263,30,7,305.19
12264,221,1,2158.88
12265,63,2,858.2
12266,252,2,1034.9
12267,281,1,737.27
12268,30,8,73.66
12269,212,2,310.57
12270,2,1,137.65
12271,91,1,1498.42
12272,4,1,906.77
12273,112,4,777.09
12274,302,1,6506.18
12275,1,3,401.84
12276,88,2,236.38
12277,13,12,4625.03
12278,30,1,4314.5
12279,51,3,239.77
12280,75,4,865.29
12281,178,1,1377.22
12282,30,28,744.46
12283,315,1,406.73
12284,329,7,367.02
12285,14,3,237.84
12286,13,32,780.26
12287,32,46,364.18
12288,151,1,672.0
12289,120,1,12886.54
12290,75,1,1736.45
12291,30,2,702.21
12292,1,1,207.61
12293,28,27,487.66
12294,112,1,272.18
12295,7,3,70.7
12296,15,27,320.03
12297,18,12,1034.89
12298,62,3,1439.68
12299,298,4,498.25
12300,222,10,1417.56
12301,18,1,470.79
12302,10,20,124.67
12303,151,1,855.36
12304,26,5,563.29
12305,295,3,208.23
12306,267,1,2071.86
12307,186,1,4085.79
12308,297,1,759.05
12309,30,1,854.4
12310,295,2,386.46
12311,121,4,2684.15
12312,7,2,705.78
12313,141,14,308.89
12314,98,7,1606.69
12315,30,1,481.68
12316,7,13,1585.37
12317,245,14,804.7
12318,6,11,138.58
12319,202,1,578.24
12320,13,33,142.8
12321,28,1,15359.21
12322,9,2,2397.7
12323,120,13,1051.79
12324,44,1,2953.25
12325,299,1,421.26
12326,24,27,6562.34
12327,95,1,1021.2
12328,306,3,1228.76
12329,131,4,133.56
12330,1,1,1158.94
12331,6,43,180.32
12332,5,2,678.85
12333,30,5,120.9
12334,236,1,811.51
12335,9,1,425.47
12336,1,4,281.13
12337,265,1,510.77
12338,157,1,2135.91
12339,1,40,1090.31
12340,252,1,434.69
12341,272,23,515.35
12342,213,3,235.09
12343,1,1,1794.7
12344,94,15,596.19
12345,103,3,650.31
12346,62,1,140.92
12347,279,1,1316.21
12348,154,11,129.01
12349,112,6,1383.93
12350,77,1,274.49
12351,1,12,2021.36
12352,275,1,1792.47
12353,324,2,521.55
12354,64,18,1190.92
12355,186,1,528.79
12356,30,3,126.46
12357,30,1,2843.83
12358,316,4,1774.46
12359,231,2,683.3
12360,11,1,1065.57
12361,17,6,302.75
12362,321,3,234.65
12363,17,1,2497.87
12364,294,13,475.44
12365,242,1,456.67
12366,124,11,226.24
12367,251,4,2841.32
12368,87,1,281.32
12369,6,4,42.1
12370,308,2,1497.31
12371,7,1,2094.08
12372,168,7,201.67
12373,237,1,96.66
12374,6,1,551.27
12375,112,40,1325.03
12376,5,1,6834.42
12377,345,1,748.83
12378,4,2,2918.77
12379,14,1,2008.39
12380,210,4,314.97
12381,180,1,394.63
12382,104,2,3719.13
12383,30,12,343.22
12384,30,1,4695.36
12385,87,10,516.2
12386,5,4,3022.07
12387,241,34,85.12
12388,19,49,1647.06
12389,73,1,53.48
12390,230,2,204.71
12391,106,1,573.57
12392,263,14,668.58
12393,14,12,2316.42
12394,48,2,1622.35
12395,285,1,142.38
12396,8,3,532.32
12397,30,1,1156.78
12398,293,37,216.16
12399,30,1,290.28
12400,136,1,843.98
12401,255,2,4640.32
12402,75,3,104.94
12403,319,1,2971.82
12404,74,1,2646.91
12405,184,2,4533.02
12406,30,48,60.1
12407,7,48,194.49
12408,3,7,103.85
12409,30,4,245.88
12410,16,1,1669.76
12411,48,1,1950.3
12412,186,1,1394.92
12413,115,7,7878.66
12414,41,1,428.75
12415,30,1,1143.07
12416,240,2,611.36
12417,1,1,382.4
12418,222,1,1249.18
12419,23,1,607.91
12420,95,22,122.83
12421,240,9,654.86
12422,255,8,136.92
12423,4,14,2198.56
12424,297,1,1503.93
12425,30,3,71.32
12426,1,8,1075.04
12427,275,1,2205.23
12428,269,13,1002.14
12429,30,3,398.19
12430,252,1,285.91
12431,86,42,2450.33
12432,22,2,449.77
12433,196,14,1901.34
12434,5,3,1066.49
12435,336,30,1055.91
12436,311,1,132.33
12437,220,3,4589.89
12438,128,1,2973.34
12439,20,2,3152.44
12440,192,4,498.93
12441,6,2,4496.03
12442,3,1,1857.72
12443,1,40,1821.06
12444,365,17,130.25
12445,17,1,366.15
12446,84,1,123.22
12447,84,1,605.47
12448,262,4,1261.1
12449,16,4,657.65
12450,11,1,72.55
12451,150,4,2824.85
12452,91,3,1750.95
12453,204,3,756.29
12454,30,4,922.86
12455,239,4,87.72
12456,3,1,452.13
12457,14,2,1867.91
12458,229,44,691.04
12459,79,17,1449.84
12460,87,3,279.43
12461,230,3,179.03
12462,40,1,642.18
12463,249,1,1098.75
12464,30,27,533.32
12465,72,19,2780.75
12466,218,1,540.51
12467,68,41,1957.34
12468,158,1,469.31
12469,30,49,1507.95
12470,257,1,317.96
12471,30,2,341.4
12472,198,1,3581.14
12473,31,1,99.81
12474,104,1,1574.32
12475,260,1,370.94
12476,180,1,602.89
12477,104,1,3450.5
12478,290,1,2096.64
12479,31,3,1337.67
12480,30,1,350.44
12481,56,1,21550.18
12482,257,4,534.7
12483,42,42,469.19
12484,194,1,496.89
12485,295,13,881.29
12486,275,2,403.69
12487,255,1,98.32
12488,221,1,513.3
12489,2,1,509.12
12490,30,1,220.67
12491,30,4,1534.69
12492,105,1,241.87
12493,17,9,351.39
12494,301,1,228.41
12495,301,8,853.04
12496,27,1,182.83
12497,60,42,280.61
12498,13,2,583.91
12499,59,1,462.63
12500,30,4,450.09
12501,261,1,1187.89
12502,318,6,2126.88
12503,8,4,1116.24
12504,105,1,168.43
12505,10,1,126.79
12506,70,1,4079.81
12507,31,2,214.71
12508,101,4,3038.63
12509,285,13,203.99
12510,16,1,434.86
12511,7,1,625.38
12512,234,1,6190.95
12513,80,2,190.01
12514,85,1,442.52
12515,62,3,1051.41
12516,47,1,939.44
12517,62,3,1018.05
12518,99,4,234.81
12519,30,2,370.73
12520,212,49,222.67
12521,81,43,153.07
12522,11,1,30.15
12523,119,4,548.8
12524,266,1,4084.83
12525,265,1,357.42
12526,3,1,567.41
12527,65,1,1951.59
12528,240,1,904.18
12529,25,13,749.05
12530,45,3,457.75
12531,12,7,793.92
12532,18,14,189.96
12533,18,1,155.63
12534,268,3,890.4
12535,125,1,668.21
12536,235,1,301.58
12537,9,1,20051.9
12538,151,40,174.45
12539,1,31,867.77
12540,95,1,2575.87
12541,30,2,106.82
12542,333,28,758.72
12543,233,1,1530.96
12544,280,5,1274.7
12545,191,1,1071.75
12546,22,43,4307.28
12547,60,4,4569.0
12548,37,1,625.71
12549,34,10,202.82
12550,316,4,134.33
12551,294,1,2740.7
12552,79,1,1913.3
12553,365,1,511.0
12554,199,1,420.55
12555,240,1,5132.52
12556,286,1,621.43
12557,7,3,1838.46
12558,30,4,456.82
12559,7,1,841.8
12560,206,9,808.7
12561,176,1,976.43
12562,105,1,129.69
12563,59,8,990.12
12564,30,38,1601.51
12565,30,4,82.21
12566,349,1,115.54
12567,14,5,2497.67
12568,365,5,887.79
12569,84,6,202.54
12570,4,4,2427.74
12571,11,1,137.09
12572,27,3,328.16
12573,8,40,241.79
12574,129,1,285.25
12575,235,5,160.66
12576,205,5,653.91
12577,3,2,673.37
12578,151,1,586.6
12579,15,8,107.24
12580,30,1,675.16
12581,88,12,314.23
12582,31,4,596.48
12583,23,1,893.58
12584,240,42,564.46
12585,15,1,3775.53
12586,7,1,638.12
12587,151,6,101.47
12588,267,7,194.46
12589,119,21,285.25
12590,52,1,323.27
12591,240,11,1686.0
12592,345,14,122.69
12593,196,13,7714.76
12594,85,6,261.56
12595,6,46,620.82
12596,35,1,830.34
12597,7,1,22.1
12598,207,1,470.94
12599,220,3,645.04
12600,10,1,528.58
12601,4,4,1320.0
12602,348,16,735.47
12603,309,1,54.99
12604,210,8,1098.73
12605,13,1,869.3
12606,75,1,311.73
12607,21,40,2110.07
12608,7,1,220.59
12609,77,3,534.83
12610,263,4,148.81
12611,62,1,2565.55
12612,1,1,713.85
12613,10,1,544.55
12614,38,37,816.02
12615,102,1,4371.49
12616,20,1,170.99
12617,97,47,4594.8
12618,60,4,1186.51
12619,72,1,1312.33
12620,30,4,184.14
12621,216,3,8320.67
12622,30,1,723.03
12623,104,2,9857.6
12624,125,2,893.2
12625,33,4,151.0
12626,324,1,1062.35
12627,11,1,1138.46
12628,31,6,1671.39
12629,236,1,325.68
12630,255,1,545.32
12631,135,1,114.53
12632,20,1,3042.54
12633,82,1,798.85
12634,22,8,860.56
12635,107,1,3998.19
12636,30,1,447.44
12637,259,2,408.24
12638,230,2,580.69
12639,50,1,718.84
12640,30,1,461.33
12641,17,1,1351.36
12642,170,1,589.45
12643,232,3,368.29
12644,18,3,329.35
12645,319,3,160.98
12646,219,1,873.16
12647,347,2,747.51
12648,18,4,1341.8
12649,15,3,269.37
12650,270,4,740.5
12651,112,1,963.48
12652,124,3,429.4
12653,6,1,294.46
12654,310,4,4099.54
12655,37,7,2835.91
12656,53,4,930.83
12657,80,1,1126.22
12658,293,9,215.65
12659,16,4,1289.33
12660,3,4,355.8
12661,8,7,1276.68
12662,109,2,255.55
12663,4,1,1866.35
12664,232,1,16908.55
12665,35,4,297.45
12666,324,31,876.71
12667,30,6,541.44
12668,31,4,206.59
12669,30,2,427.05
12670,29,12,457.92
12671,196,4,285.76
12672,96,11,3709.25
12673,282,1,18062.2
12674,308,3,964.22
12675,30,1,156.5
12676,17,3,275.26
12677,192,36,50.98
12678,20,2,1075.85
12679,116,1,1370.29
12680,188,1,1056.63
12681,59,1,65.05
12682,47,9,788.57
12683,18,21,932.55
12684,30,11,1688.39
12685,106,40,1494.51
12686,300,10,149.65
12687,139,10,471.64
12688,214,1,1484.65
12689,127,1,1059.17
12690,215,1,3769.1
12691,12,2,216.94
12692,223,4,1399.16
12693,294,2,878.44
12694,203,12,555.75
12695,321,2,651.33
12696,162,1,894.17
12697,63,1,339.74
12698,12,4,116.31
12699,33,1,1953.64
12700,18,4,265.93
12701,236,1,717.24
12702,49,8,471.64
12703,246,4,122.51
12704,1,1,435.0
12705,177,17,598.9
12706,30,1,337.93
12707,3,4,856.86
12708,324,2,88.22
12709,272,1,379.32
12710,268,1,278.92
12711,147,6,1419.21
12712,30,1,2588.89
12713,248,1,87.83
12714,309,3,669.91
12715,202,3,482.42
12716,93,1,1270.78
12717,99,1,1305.47
12718,30,1,3873.78
12719,182,1,2309.53
12720,85,1,2956.06
12721,276,1,138.0
12722,94,1,1052.37
12723,264,1,479.4
12724,30,4,1857.08
12725,102,11,491.12
12726,30,1,941.42
12727,218,1,162.03
12728,30,3,7143.71
12729,2,1,159.07
12730,62,7,1825.09
12731,98,1,1931.87
12732,10,1,665.97
12733,251,4,1314.59
12734,193,4,479.54
12735,71,1,1061.16
12736,72,4,1037.64
12737,184,1,695.97
12738,4,3,2432.02
12739,289,42,469.21
12740,95,1,649.19
12741,12,4,1374.48
12742,363,1,98.43
12743,14,6,1010.15
12744,30,1,367.34
12745,30,1,187.39
12746,232,1,1727.54
12747,91,3,3242.7
12748,30,11,1477.72
12749,176,6,440.1
12750,1,38,83.95
12751,326,3,1461.67
12752,309,2,382.72
12753,179,1,925.78
12754,23,4,318.4
12755,58,1,548.11
12756,151,1,111.73
12757,94,1,100.21
12758,8,12,102.44
12759,147,4,142.74
12760,72,10,441.97
12761,1,8,789.77
12762,166,3,556.97
12763,253,1,476.24
12764,121,3,775.89
12765,252,1,72.64
12766,4,1,61.35
12767,279,1,1349.88
12768,13,1,479.46
12769,43,3,2435.48
12770,31,1,947.03
12771,294,2,286.7
12772,157,1,624.91
12773,81,1,4503.74
12774,236,4,541.66
12775,274,1,867.22
12776,340,1,4432.52
12777,257,3,525.0
12778,103,1,1435.22
12779,10,7,790.01
12780,274,1,343.89
12781,87,9,354.65
12782,4,1,1364.34
12783,211,1,2933.97
12784,231,9,1440.72
12785,148,14,1553.74
12786,187,1,2600.9
12787,9,2,1530.41
12788,25,12,792.17
12789,46,1,791.49
12790,292,10,1035.35
12791,301,1,1202.51
12792,1,9,538.37
12793,42,5,2026.21
12794,49,1,1815.32
12795,236,2,4534.97
12796,177,1,717.68
12797,365,4,712.53
12798,42,1,1575.07
12799,27,25,614.1
12800,76,1,1040.99
12801,236,46,785.57
12802,225,1,4341.55
12803,55,1,342.79
12804,223,1,111.98
12805,2,1,116.94
12806,176,1,389.08
12807,7,1,168.85
12808,30,1,325.38
12809,72,1,1765.99
12810,57,12,1962.2
12811,333,2,8397.6
12812,128,3,154.32
12813,66,1,169.89
12814,320,1,768.4
12815,58,2,149.02
12816,235,1,443.53
12817,247,1,279.19
12818,150,1,61.8
12819,31,49,309.17
12820,133,1,2218.31
12821,80,6,1466.45
12822,354,2,1542.11
12823,30,1,1660.49
12824,40,17,408.45
12825,132,2,158.86
12826,95,11,263.74
12827,129,3,511.34
12828,86,1,124.53
12829,279,4,86.28
12830,19,2,159.61
12831,150,4,718.15
12832,10,26,751.55
12833,92,1,291.93
12834,52,37,964.51
12835,114,2,701.96
12836,23,4,105.51
12837,18,3,741.49
12838,31,3,1109.45
12839,29,1,406.05
12840,338,1,1340.13
12841,225,1,718.74
12842,30,1,717.6
12843,4,2,495.5
12844,234,2,3532.3
12845,232,1,927.33
12846,23,4,575.54
12847,61,2,1053.55
12848,214,1,278.18
12849,213,2,127.72
12850,346,14,589.46
12851,4,2,697.17
12852,141,1,239.62
12853,217,8,388.51
12854,31,12,911.96
12855,30,4,6335.29
12856,242,33,51.26
12857,295,13,182.26
12858,80,43,3113.5
12859,14,1,1636.55
12860,31,3,784.33
12861,36,3,331.51
12862,278,3,352.64
12863,207,3,385.3
12864,259,1,122.5
12865,184,3,1149.83
12866,203,4,2784.08
12867,4,6,3911.08
12868,1,1,655.62
12869,63,12,1651.85
12870,50,1,2470.38
12871,30,1,2464.18
12872,196,25,1123.49
12873,10,3,1023.71
12874,30,3,2797.52
12875,258,11,1555.09
12876,296,1,59.75
12877,56,3,851.26
12878,251,1,1803.59
12879,237,1,342.2
12880,24,1,113.88
12881,3,2,488.04
12882,165,25,418.68
12883,119,3,441.12
12884,228,1,1601.31
12885,97,1,6350.55
12886,356,4,1169.77
12887,228,35,1961.37
12888,30,3,330.26
12889,236,1,638.17
12890,58,1,234.63
12891,96,1,1336.06
12892,89,3,390.31
12893,18,1,1360.74
12894,86,7,1218.26
12895,266,3,140.03
12896,6,3,561.51
12897,235,22,199.2
12898,31,19,1244.0
12899,175,1,830.08
12900,84,2,2819.75
12901,93,1,6620.59
12902,88,1,2977.09
12903,12,4,395.28
12904,78,4,656.67
12905,30,1,688.04
12906,359,1,1402.45
12907,114,5,406.13
12908,90,1,1012.93
12909,31,3,1744.68
12910,325,2,97.03
12911,15,1,99.17
12912,102,1,701.12
12913,21,5,978.85
12914,65,31,85.2
12915,87,1,580.8
12916,172,6,310.76
12917,244,1,456.45
12918,60,1,548.47
12919,27,3,95.36
12920,56,2,306.95
12921,31,4,878.71
12922,1,4,575.53
12923,165,3,370.35
12924,31,12,151.77
12925,15,3,672.07
12926,30,1,417.83
12927,30,1,249.89
12928,23,11,1122.77
12929,111,2,484.84
12930,184,2,292.08
12931,21,1,5235.22
12932,172,4,2204.54
12933,11,1,2363.81
12934,60,1,358.64
12935,248,1,555.73
12936,30,1,7114.29
12937,13,1,642.89
12938,106,1,1022.52
12939,226,3,4988.78
12940,89,1,1480.61
12941,30,3,1850.42
12942,7,3,829.73
12943,30,1,594.58
12944,26,48,1903.97
12945,9,1,18.83
12946,365,4,773.62
12947,34,3,507.23
12948,151,40,200.09
12949,16,1,176.15
12950,285,3,1102.31
12951,89,1,134.69
12952,79,3,887.71
12953,146,1,134.7
12954,169,2,273.14
12955,243,1,168.32
12956,12,43,653.74
12957,62,1,2070.53
12958,31,43,96.46
12959,95,1,272.44
12960,4,1,898.41
12961,30,1,14.22
12962,276,2,861.26
12963,207,3,4247.07
12964,151,2,231.56
12965,363,2,878.56
12966,30,2,48.18
12967,257,6,252.26
12968,267,1,1435.8
12969,30,1,996.49
12970,16,36,2368.4
12971,30,1,1145.23
12972,172,2,31.3
12973,365,11,4571.1
12974,13,1,698.2
12975,68,1,400.47
12976,65,1,3398.17
12977,30,1,552.47
12978,10,44,721.24
12979,15,1,582.62
12980,14,1,3155.4
12981,105,9,618.0
12982,81,3,2851.53
12983,88,42,1062.7
12984,227,1,1223.24
12985,217,3,701.27
12986,11,1,1381.44
12987,324,1,181.65
12988,151,11,1458.73
12989,52,1,1145.88
12990,257,1,181.31
12991,248,1,374.44
12992,31,1,273.86
12993,26,3,474.84
12994,155,3,290.03
12995,140,3,906.35
12996,2,1,947.16
12997,70,1,953.66
12998,1,1,463.74
12999,8,4,2975.41
13000,31,1,3773.92
13001,1,1,1081.03
13002,5,5,401.08
13003,127,12,1060.0
13004,209,3,204.92
13005,57,4,340.77
13006,172,6,1622.97
13007,98,3,254.85
13008,30,1,642.0
13009,8,10,4430.36
13010,167,4,745.42
13011,195,1,128.08
13012,280,1,2798.02
13013,151,2,851.66
13014,67,14,3638.64
13015,68,4,1394.6
13016,26,45,1820.16
13017,30,1,1801.3
13018,163,45,197.61
13019,30,3,611.93
13020,182,12,335.24
13021,67,3,462.47
13022,109,1,238.5
13023,198,11,1504.11
13024,17,1,1285.87
13025,2,1,4169.05
13026,293,43,216.98
13027,252,5,261.06
13028,30,1,9788.75
13029,330,3,483.71
13030,106,1,810.75
13031,123,4,479.09
13032,30,8,2160.72
13033,31,8,2925.72
13034,56,1,241.22
13035,238,33,530.03
13036,65,1,562.73
13037,47,3,1535.4
13038,9,1,149.61
13039,3,39,2050.01
13040,119,39,6071.93
13041,108,1,2922.7
13042,31,4,967.55
13043,121,2,208.65
13044,105,2,559.33
13045,296,1,183.49
13046,20,1,283.42
13047,22,2,964.05
13048,30,4,2011.51
13049,299,1,1637.77
13050,30,4,769.83
13051,26,1,3039.62
13052,155,14,48.83
13053,21,1,1192.65
13054,90,2,67.16
13055,185,3,967.49
13056,262,40,461.14
13057,13,2,417.94
13058,18,4,1488.0
13059,234,2,918.75
13060,30,3,76.54
13061,256,1,1242.91
13062,289,43,201.35
13063,112,3,711.32
13064,177,3,229.01
13065,294,1,551.18
13066,17,34,1974.27
13067,19,11,1602.38
13068,89,12,806.84
13069,20,3,2122.94
13070,1,1,338.12
13071,93,4,51.95
13072,127,1,238.36
13073,284,1,341.34
13074,365,1,160.06
13075,231,1,1882.18
13076,239,1,1888.64
13077,1,1,1859.96
13078,221,2,1422.67
13079,30,1,1741.9
13080,58,1,211.39
13081,8,3,761.55
13082,8,2,568.38
13083,212,9,167.91
13084,128,37,163.92
13085,31,3,3332.62
13086,296,2,367.44
13087,4,49,169.47
13088,76,4,1301.34
13089,265,1,1462.54
13090,3,1,21168.57
13091,30,1,92.72
13092,17,4,489.85
13093,186,1,646.07
13094,275,1,909.25
13095,314,7,422.85
13096,353,4,901.6
13097,211,3,786.11
13098,30,4,1454.3
13099,79,1,610.78
13100,251,3,2686.04
13101,101,3,342.89
13102,76,1,297.91
13103,9,2,1151.82
13104,30,39,229.65
13105,2,1,1245.96
13106,248,2,1999.3
13107,365,2,4360.12
13108,320,18,128.83
13109,14,6,3180.47
13110,50,1,385.96
13111,21,1,547.85
13112,31,1,6434.46
13113,53,1,216.7
13114,174,4,344.72
13115,317,4,10459.05
13116,14,1,631.12
13117,116,4,633.01
13118,57,1,3730.75
13119,186,4,454.71
13120,30,1,2978.32
13121,337,1,732.22
13122,353,1,241.39
13123,324,1,708.2
13124,246,1,124.5
13125,4,1,2059.49
13126,101,1,593.51
13127,10,10,970.81
13128,252,32,3013.28
13129,329,1,2062.43
13130,309,1,3152.72
13131,14,1,1432.28
13132,222,1,1668.44
13133,272,4,1822.01
13134,12,4,298.74
13135,225,1,214.02
13136,30,1,2474.95
13137,326,1,1191.97
13138,45,1,1206.68
13139,78,5,301.0
13140,239,2,2328.3
13141,116,1,497.34
13142,298,1,230.07
13143,4,3,183.05
13144,79,1,176.15
13145,89,1,1390.47
13146,30,1,1182.98
13147,305,2,162.88
13148,363,19,864.85
13149,14,1,2448.41
13150,177,3,290.58
13151,33,42,508.61
13152,218,4,675.41
13153,31,6,159.81
13154,30,48,6150.61
13155,68,49,1615.73
13156,2,2,108.19
13157,30,1,434.17
13158,106,2,422.07
13159,150,1,921.62
13160,91,1,1097.28
13161,77,1,1060.53
13162,92,1,1237.8
13163,30,1,1335.31
13164,30,1,112.19
13165,242,1,1578.21
13166,23,1,117.2
13167,54,6,1278.81
13168,192,1,851.4
13169,326,1,376.98
13170,5,1,178.01
13171,97,30,296.23
13172,79,3,290.29
13173,4,8,847.99
13174,24,33,678.79
13175,157,1,4816.6
13176,315,1,409.99
13177,13,1,1288.17
13178,217,1,146.65
13179,267,2,235.38
13180,78,1,497.45
13181,122,3,1703.18
13182,202,23,394.87
13183,86,2,3143.52
13184,65,8,3803.92
13185,228,1,242.16
13186,275,15,136.16
13187,146,1,506.59
13188,55,2,433.33
13189,365,3,1341.12
13190,29,1,9563.94
13191,350,4,663.71
13192,313,9,424.04
13193,261,1,852.28
13194,80,1,722.65
13195,16,1,1171.08
13196,197,25,521.49
13197,68,2,3828.4
13198,355,23,1261.5
13199,101,21,842.37
13200,151,4,117.82
13201,1,10,222.53
13202,8,4,305.93
13203,77,1,2267.93
13204,31,3,386.88
13205,237,1,1933.22
13206,3,1,183.34
13207,172,1,401.0
13208,5,8,98.61
13209,218,2,390.88
13210,295,1,1076.38
13211,325,39,2405.17
13212,134,1,59.06
13213,93,30,543.19
13214,104,1,322.69
13215,215,1,150.88
13216,327,1,737.98
13217,30,1,2942.57
13218,43,1,3388.79
13219,23,11,7023.87
13220,31,32,723.65
13221,77,2,225.3
13222,12,1,624.05
13223,150,3,525.13
13224,14,1,2052.51
13225,2,48,7779.53
13226,203,1,2500.93
13227,6,4,168.7
13228,187,2,1490.73
13229,152,1,1305.96
13230,59,5,940.17
13231,10,1,2567.53
13232,2,1,321.2
13233,204,1,992.08
13234,92,4,172.74
13235,30,3,466.58
13236,5,1,604.56
13237,257,1,4272.39
13238,30,6,593.71
13239,30,4,503.05
13240,211,1,227.97
13241,336,34,2099.17
13242,251,47,358.53
13243,107,2,234.53
13244,269,2,558.87
13245,2,14,187.14
13246,77,2,1916.62
13247,1,1,502.73
13248,71,2,788.3
13249,99,3,541.69
13250,13,13,318.31
13251,365,10,3121.29
13252,29,8,976.24
13253,300,1,262.36
13254,233,2,55.39
13255,337,26,83.27
13256,30,24,872.82
13257,30,4,4564.32
13258,318,1,421.17
13259,43,3,1014.46
13260,10,3,342.79
13261,303,3,741.2
13262,4,1,1285.69
13263,284,1,2676.72
13264,141,2,265.77
13265,142,1,1512.28
13266,6,1,1603.13
13267,181,1,352.49
13268,44,1,358.01
13269,7,1,3637.6
13270,31,1,1382.18
13271,248,38,853.16
13272,247,11,127.26
13273,7,13,723.37
13274,24,40,418.33
13275,30,6,3944.44
13276,1,5,585.28
13277,235,4,2651.05
13278,151,5,2023.08
13279,3,1,511.99
13280,117,7,1024.66
13281,232,3,573.58
13282,69,1,95.67
13283,59,11,1803.33
13284,1,1,513.08
13285,5,9,4565.51
13286,96,1,164.15
13287,30,1,473.34
13288,31,1,1846.51
13289,20,24,4107.42
13290,30,14,252.55
13291,201,6,227.85
13292,191,1,4593.13
13293,303,3,335.98
13294,199,1,489.8
13295,210,7,351.77
13296,214,1,574.19
13297,238,43,3940.29
13298,227,11,335.0
13299,151,49,884.08
13300,4,4,201.3
13301,56,1,1156.99
13302,305,2,615.86
13303,132,2,309.7
13304,74,1,2454.18
13305,37,40,2959.8
13306,164,1,2447.17
13307,198,7,677.91
13308,104,1,483.58
13309,306,7,200.17
13310,21,1,311.71
13311,30,1,1678.68
13312,123,1,1395.47
13313,1,2,596.29
13314,97,1,86.36
13315,77,1,145.78
13316,100,3,362.1
13317,234,4,240.92
13318,94,1,367.95
13319,30,1,238.27
13320,286,42,1101.59
13321,31,8,2679.36
13322,30,1,395.7
13323,287,33,894.97
13324,253,2,150.17
13325,2,3,359.8
13326,295,5,842.11
13327,72,7,1635.42
13328,281,1,1303.69
13329,51,10,626.27
13330,6,3,67.33
13331,364,1,546.69
13332,30,3,177.57
13333,7,4,222.79
13334,8,1,17199.05
13335,224,13,137.59
13336,30,3,246.04
13337,77,2,558.47
13338,49,3,1502.04
13339,4,1,668.42
13340,199,1,963.03
13341,12,1,934.88
13342,190,1,4021.05
13343,30,3,1822.21
13344,9,3,4412.35
13345,64,1,3812.9
13346,57,1,82.5
13347,217,1,1511.6
13348,150,2,19671.67
13349,181,2,2740.62
13350,1,1,9618.12
13351,56,1,2175.57
13352,13,21,327.17
13353,217,1,201.49
13354,30,2,1335.72
13355,13,1,106.07
13356,11,2,1185.98
13357,30,3,199.89
13358,138,9,2371.08
13359,121,1,368.29
13360,31,8,673.33
13361,170,1,1287.35
13362,147,1,1285.93
13363,5,1,284.76
13364,33,1,310.23
13365,300,3,261.34
13366,13,23,687.69
13367,38,14,892.76
13368,30,1,779.52
13369,365,1,504.96
13370,244,1,971.59
13371,219,3,305.11
13372,49,1,16340.71
13373,269,14,155.26
13374,81,1,143.79
13375,93,8,200.4
13376,63,1,1440.55
13377,15,1,12162.28
13378,5,1,1329.72
13379,151,1,3800.05
13380,271,1,394.71
13381,257,1,1159.26
13382,151,1,3236.9
13383,5,1,101.21
13384,257,8,260.08
13385,151,3,111.75
13386,15,3,1831.62
13387,210,1,90.44
13388,284,3,275.39
13389,97,46,508.93
13390,21,4,1405.0
13391,9,2,828.27
13392,151,1,659.26
13393,270,3,842.19
13394,205,1,2263.02
13395,185,42,478.81
13396,5,6,297.37
13397,81,26,379.35
13398,230,1,488.18
13399,90,2,470.17
13400,30,1,122.92
13401,41,1,105.05
13402,30,10,193.41
13403,31,1,514.62
13404,139,7,1449.48
13405,216,4,361.28
13406,305,1,342.26
13407,131,1,954.31
13408,273,6,762.48
13409,134,14,85.7
13410,30,6,636.23
13411,289,2,349.51
13412,304,1,419.86
13413,17,2,1300.12
13414,317,1,55.43
13415,6,45,793.77
13416,4,1,924.11
13417,82,3,1975.66
13418,341,4,59.82
13419,32,8,412.05
13420,151,1,354.98
13421,8,1,298.83
13422,209,8,225.31
13423,121,1,260.13
13424,196,1,305.99
13425,80,3,96.02
13426,72,4,417.27
13427,296,1,91.59
13428,31,3,442.7
13429,30,1,283.79
13430,6,5,6376.4
13431,275,1,835.99
13432,1,13,7279.19
13433,129,10,489.89
13434,173,5,157.69
13435,247,4,770.93
13436,97,1,1066.42
13437,299,1,1090.7
13438,170,4,490.16
13439,38,21,379.44
13440,77,1,510.05
13441,30,1,203.29
13442,365,11,463.22
13443,356,6,1632.85
13444,191,1,888.89
13445,30,1,531.48
13446,210,4,1446.17
13447,68,49,597.4
13448,11,3,1116.92
13449,103,21,1041.75
13450,286,4,408.86
13451,185,12,152.11
13452,248,3,160.21
13453,8,3,239.5
13454,271,4,171.84
13455,2,4,373.36
13456,75,1,814.24
13457,280,4,2171.18
13458,5,38,714.44
13459,20,1,8171.28
13460,96,1,612.46
13461,11,4,4217.6
13462,5,3,809.21
13463,242,6,834.53
13464,223,2,2643.67
13465,291,1,2278.79
13466,292,5,1135.57
13467,263,12,356.28
13468,8,3,38.79
13469,43,1,982.21
13470,128,1,893.21
13471,67,33,199.13
13472,30,1,4224.89
13473,1,2,1670.59
13474,93,1,1016.84
13475,31,3,1510.15
13476,151,4,1906.48
13477,27,1,1822.5
13478,365,1,487.26
13479,30,1,190.53
13480,4,1,1389.19
13481,23,26,4785.48
13482,31,3,213.59
13483,58,11,1588.71
13484,17,6,1730.59
13485,343,1,134.77
13486,287,41,1445.2
13487,105,2,60.87
13488,30,1,1172.5
13489,8,1,655.91
13490,7,1,892.2
13491,31,2,604.54
13492,79,1,5646.24
13493,134,8,879.52
13494,261,1,183.37
13495,103,1,245.17
13496,313,1,685.25
13497,24,1,1857.17
13498,18,1,583.41
13499,219,2,394.33
13500,6,1,441.01
13501,269,13,2253.72
13502,30,12,573.13
13503,7,2,2482.46
13504,25,4,1508.68
13505,60,1,476.23
13506,20,30,200.33
13507,11,3,6414.37
13508,291,1,3451.75
13509,221,15,1350.6
13510,301,3,134.22
13511,230,4,123.15
13512,100,1,314.2
13513,277,1,267.9
13514,20,3,221.66
13515,365,3,2779.79
13516,214,1,1825.6
13517,251,2,190.7
13518,149,14,160.38
13519,333,19,2567.02
13520,30,1,1738.34
13521,350,3,7430.68
13522,112,2,653.48
13523,30,1,111.65
13524,67,1,645.9
13525,43,1,5101.74
13526,22,30,975.13
13527,52,18,286.04
13528,1,1,1146.86
13529,85,4,125.59
13530,99,4,147.7
13531,340,25,1173.53
13532,123,4,264.95
13533,107,1,1319.85
13534,84,1,332.51
13535,10,46,821.74
13536,114,4,2478.73
13537,30,1,722.09
13538,30,1,1209.83
13539,30,1,382.82
13540,257,1,352.23
13541,151,1,329.09
13542,8,3,312.3
13543,319,40,7137.48
13544,95,1,404.02
13545,276,4,1449.51
13546,30,1,624.16
13547,9,29,340.54
13548,71,4,228.99
13549,124,3,224.15
13550,164,1,225.15
13551,62,3,810.99
13552,38,1,2395.39
13553,9,2,442.68
13554,204,2,345.02
13555,114,1,710.07
13556,1,1,2996.48
13557,30,4,806.06
13558,111,2,1174.17
13559,298,3,1742.34
13560,312,4,3403.06
13561,128,1,735.4
13562,102,1,1931.22
13563,70,8,129.02
13564,12,1,347.96
13565,3,1,1036.29
13566,150,1,6577.53
13567,151,1,2159.88
13568,76,32,359.88
13569,30,11,161.08
13570,234,4,723.31
13571,151,14,4268.17
13572,28,2,455.8
13573,259,2,312.64
13574,151,12,977.19
13575,268,1,1321.76
13576,214,1,875.93
13577,30,1,519.42
13578,30,1,694.79
13579,280,1,258.92
13580,9,1,379.83
13581,47,10,353.75
13582,185,1,4983.82
13583,30,1,184.28
13584,64,4,195.09
13585,220,4,306.43
13586,9,1,237.02
13587,30,4,180.33
13588,72,41,2235.95
13589,56,36,425.36
13590,288,1,439.62
13591,297,3,1626.64
13592,55,1,623.96
13593,69,4,4657.41
13594,85,1,184.41
13595,1,14,1857.62
13596,41,1,2855.38
13597,13,1,711.71
13598,158,1,1043.9
13599,95,1,874.97
13600,26,1,1199.15
13601,85,1,961.02
13602,69,1,780.34
13603,314,1,815.43
13604,215,1,1310.52
13605,68,1,331.37
13606,30,2,639.56
13607,65,1,941.26
13608,64,1,1738.16
13609,258,4,219.61
13610,26,1,1662.57
13611,218,3,218.88
13612,168,5,73.27
13613,151,6,336.23
13614,23,2,2242.44
13615,83,1,466.98
13616,69,3,74.79
13617,79,24,101.28
13618,90,1,661.13
13619,7,3,484.23
13620,279,1,342.09
13621,67,4,1178.55
13622,204,1,1185.97
13623,244,5,278.26
13624,49,1,540.75
13625,30,1,437.55
13626,73,2,2014.1
13627,49,48,1853.86
13628,174,1,1526.92
13629,221,47,1000.44
13630,245,3,253.61
13631,22,1,326.47
13632,30,1,768.82
13633,19,3,471.39
13634,268,1,1360.43
13635,76,4,295.65
13636,30,1,202.39
13637,30,8,78.32
13638,11,1,1079.29
13639,5,27,1123.82
13640,72,1,260.26
13641,29,1,2450.61
13642,241,3,1468.32
13643,273,4,186.18
13644,80,2,6454.22
13645,23,1,808.74
13646,151,1,531.29
13647,209,1,915.5
13648,13,2,124.72
13649,16,3,371.42
13650,244,1,1889.74
13651,287,49,517.74
13652,230,8,1970.01
13653,101,1,506.61
13654,30,1,2487.97
13655,32,1,31.69
13656,28,1,146.21
13657,28,2,230.38
13658,208,13,1024.67
13659,172,1,1895.15
13660,30,1,4382.3
13661,327,1,205.1
13662,57,1,2372.23
13663,323,1,570.03
13664,22,1,703.42
13665,30,2,651.54
13666,22,4,836.97
13667,30,4,3146.53
13668,326,42,374.32
13669,132,1,210.44
13670,30,8,703.68
13671,14,1,269.27
13672,365,2,799.01
13673,241,7,1104.39
13674,30,42,1932.26
13675,341,40,995.65
13676,55,1,1362.19
13677,14,1,1016.49
13678,30,25,497.78
13679,30,3,3100.46
13680,11,2,3133.24
13681,365,1,499.52
13682,204,18,99.24
13683,61,1,5316.52
13684,103,1,892.1
13685,30,2,3295.18
13686,11,6,627.59
13687,69,13,782.2
13688,39,46,8372.77
13689,111,4,4850.66
13690,167,1,317.01
13691,58,3,715.92
13692,107,2,714.69
13693,30,1,826.15
13694,14,5,1084.26
13695,116,2,3551.27
13696,30,1,694.59
13697,42,48,841.91
13698,14,1,1341.97
13699,273,8,398.66
13700,70,1,769.25
13701,5,1,1573.31
13702,34,1,450.78
13703,166,3,1077.12
13704,232,4,131.59
13705,6,30,823.92
13706,30,2,779.42
13707,55,47,118.48
13708,111,1,371.22
13709,284,5,1481.16
13710,150,3,1032.9
13711,30,1,286.54
13712,224,1,195.89
13713,98,2,8719.57
13714,12,4,81.86
13715,297,4,2713.93
13716,151,1,4541.72
13717,106,48,270.25
13718,65,1,219.51
13719,112,1,594.21
13720,230,1,7773.18
13721,354,2,628.51
13722,79,1,215.03
13723,5,3,376.49
13724,21,1,1222.57
13725,352,2,1140.93
13726,4,3,2436.69
13727,93,3,1964.75
13728,95,3,2542.93
13729,30,1,2022.57
13730,295,1,337.45
13731,17,4,231.36
13732,70,3,138.68
13733,238,3,256.93
13734,17,1,1554.17
13735,236,1,195.29
13736,21,1,1776.53
13737,289,3,911.71
13738,28,6,1157.39
13739,30,3,291.73
13740,11,21,190.83
13741,94,1,191.1
13742,30,1,3557.04
13743,201,1,144.32
13744,19,25,946.37
13745,7,11,2371.08
13746,151,1,206.85
13747,307,11,122.72
13748,11,1,59.07
13749,128,21,127.95
13750,30,4,3707.8
13751,248,2,397.43
13752,28,1,848.65
13753,30,13,262.06
13754,32,1,518.2
13755,288,1,409.99
13756,27,1,2418.84
13757,13,49,1420.89
13758,47,4,5815.28
13759,270,1,178.12
13760,21,4,838.9
13761,68,1,668.56
13762,184,2,1316.0
13763,46,3,440.77
13764,231,6,2962.09
13765,203,1,2478.59
13766,19,32,2655.21
13767,30,2,581.15
13768,280,6,1218.87
13769,111,12,878.0
13770,300,4,607.45
13771,29,4,371.18
13772,30,4,151.17
13773,77,1,181.59
13774,31,4,291.53
13775,30,7,465.08
13776,30,1,252.03
13777,334,2,2295.08
13778,30,1,552.55
13779,316,1,772.76
13780,364,4,371.84
13781,98,1,1573.66
13782,2,1,606.67
13783,360,1,195.76
13784,83,9,576.34
13785,352,18,1903.6
13786,194,4,1935.11
13787,6,4,794.09
13788,150,4,886.84
13789,21,1,512.59
13790,311,4,459.58
13791,3,1,686.58
13792,284,1,1908.63
13793,270,22,1858.55
13794,1,1,167.94
13795,239,3,2769.59
13796,6,1,452.3
13797,7,2,975.24
13798,292,2,1209.6
13799,1,8,315.92
13800,8,1,335.37
13801,6,11,201.13
13802,30,3,787.31
13803,5,2,529.33
13804,5,2,411.21
13805,30,1,488.96
13806,30,1,1974.42
13807,22,1,1026.6
13808,299,3,328.32
13809,96,1,719.81
13810,19,1,72.51
13811,263,1,1336.68
13812,30,9,150.99
13813,365,2,111.38
13814,5,1,332.16
13815,329,4,288.57
13816,112,1,1020.37
13817,205,13,1481.09
13818,179,1,485.23
13819,358,1,427.41
13820,78,1,726.98
13821,11,3,849.16
13822,123,1,560.69
13823,196,42,481.58
13824,304,2,643.8
13825,47,4,144.8
13826,30,1,1129.44
13827,247,3,1837.9
13828,27,1,152.88
13829,30,2,498.86
13830,6,1,1024.28
13831,30,1,992.43
13832,30,12,680.78
13833,14,49,2306.74
13834,93,1,561.57
13835,17,19,265.06
13836,151,3,114.4
13837,85,4,534.38
13838,266,7,274.1
13839,294,9,527.6
13840,3,1,2727.35
13841,40,2,2908.9
13842,9,2,4245.41
13843,27,1,61.77
13844,14,1,145.75
13845,18,1,313.45
13846,2,1,283.76
13847,4,48,1061.0
13848,297,4,282.23
13849,66,1,527.24
13850,26,1,21813.99
13851,30,43,1829.64
13852,3,8,392.4
13853,4,9,285.92
13854,172,1,1321.39
13855,30,13,350.17
13856,76,1,5797.51
13857,149,1,3085.72
13858,267,3,112.82
13859,58,11,373.59
13860,151,12,218.3
13861,289,1,210.38
13862,319,1,503.92
13863,210,1,334.58
13864,7,46,199.89
13865,30,1,503.57
13866,354,35,442.16
13867,364,4,1666.02
13868,39,1,248.97
13869,7,3,479.72
13870,30,14,1388.78
13871,19,1,141.59
13872,23,11,421.97
13873,224,1,4293.06
13874,50,1,3137.77
13875,30,31,95.2
13876,54,2,230.79
13877,246,11,82.95
13878,31,1,899.12
13879,228,3,167.12
13880,99,25,582.6
13881,128,2,2604.94
13882,31,2,488.02
13883,194,1,368.48
13884,67,1,45.98
13885,9,2,346.35
13886,18,9,691.08
13887,52,1,604.2
13888,231,3,99.32
13889,24,2,251.58
13890,231,20,545.55
13891,365,1,406.11
13892,30,3,1042.11
13893,2,13,78.56
13894,64,1,862.06
13895,30,1,5327.55
13896,7,8,1120.5
13897,49,4,861.69
13898,277,37,954.34
13899,63,2,2488.09
13900,323,8,955.2
13901,207,40,278.51
13902,64,3,635.87
13903,158,2,495.04
13904,3,2,1037.99
13905,1,8,142.14
13906,150,1,1553.3
13907,2,35,661.08
13908,336,27,1527.5
13909,251,2,488.73
13910,64,10,361.56
13911,23,10,164.85
13912,206,1,255.48
13913,334,3,422.2
13914,23,4,294.85
13915,150,46,4709.13
13916,232,4,494.56
13917,239,2,488.31
13918,117,4,212.12
13919,117,11,129.3
13920,78,1,886.98
13921,10,1,957.13
13922,146,2,152.49
13923,3,4,1010.96
13924,219,1,693.97
13925,314,1,1388.11
13926,317,1,123.31
13927,291,1,214.03
13928,30,1,625.5
13929,30,2,146.77
13930,51,3,161.24
13931,229,2,4752.42
13932,297,9,337.98
13933,320,1,108.07
13934,245,8,727.05
13935,254,1,247.24
13936,15,14,480.47
13937,1,14,1001.98
13938,30,49,5534.06
13939,217,11,4421.29
13940,38,1,244.42
13941,73,21,502.33
13942,30,4,1246.25
13943,18,3,1317.34
13944,16,4,1893.39
13945,246,1,392.97
13946,150,1,453.72
13947,295,14,582.77
13948,324,3,72.19
13949,343,1,1490.42
13950,151,4,498.17
13951,28,2,1531.61
13952,3,4,6337.78
13953,140,5,381.03
13954,57,1,140.7
13955,30,1,857.73
13956,79,27,1651.25
13957,150,1,1090.25
13958,319,3,1815.03
13959,58,1,691.78
13960,8,1,467.26
13961,299,8,1158.52
13962,281,1,85.89
13963,267,1,906.24
13964,13,1,163.07
13965,106,1,90.86
13966,7,2,1719.33
13967,21,36,856.76
13968,87,1,308.62
13969,86,1,523.88
13970,165,2,96.01
13971,93,1,2578.13
13972,98,1,411.5
13973,83,1,414.51
13974,68,5,476.11
13975,283,2,252.17
13976,271,1,96.49
13977,234,1,2643.8
13978,24,1,800.38
13979,330,1,117.38
13980,309,1,1343.53
13981,30,31,2280.85
13982,162,4,573.77
13983,308,27,154.61
13984,52,45,1464.8
13985,56,3,1125.32
13986,259,33,133.65
13987,214,25,974.08
13988,30,4,2128.82
13989,50,3,10291.96
13990,255,12,525.61
13991,5,1,2227.78
13992,30,46,254.67
13993,29,1,832.73
13994,1,2,1537.77
13995,190,1,915.24
13996,214,2,1166.68
13997,99,1,595.77
13998,307,1,451.49
13999,87,32,154.46
14000,3,8,1723.91
14001,3,3,2581.89
14002,110,1,792.07
14003,53,2,1035.47
14004,48,1,176.86
14005,230,41,2837.0
14006,6,1,771.61
14007,30,11,1914.54
14008,2,1,796.43
14009,327,1,7175.4
14010,2,1,1854.45
14011,78,1,793.73
14012,1,1,607.32
14013,42,32,210.6
14014,121,4,264.63
14015,105,3,3609.42
14016,43,3,622.42
14017,2,4,1546.57
14018,13,3,489.03
14019,30,1,735.98
14020,20,13,804.72
14021,6,5,746.06
14022,307,1,1023.63
14023,1,2,571.31
14024,47,3,125.49
14025,1,12,632.73
14026,78,2,924.64
14027,30,7,394.01
14028,237,2,324.4
14029,151,1,909.71
14030,30,1,1213.02
14031,5,2,906.34
14032,141,5,1699.72
14033,82,1,1077.68
14034,30,9,1044.99
14035,2,3,1063.72
14036,251,11,268.94
14037,16,1,375.31
14038,242,3,1359.49
14039,102,27,131.45
14040,291,1,456.33
14041,161,10,187.51
14042,215,3,589.28
14043,74,1,541.6
14044,30,1,524.76
14045,73,3,710.11
14046,2,2,663.41
14047,30,9,313.56
14048,19,1,325.63
14049,1,7,284.61
14050,49,19,674.03
14051,55,6,3292.99
14052,100,3,1346.38
14053,280,22,1280.26
14054,183,1,195.33
14055,30,2,1045.34
14056,9,47,721.53
14057,40,1,1573.79
14058,189,1,2013.75
14059,249,1,481.83
14060,298,4,555.61
14061,30,1,648.6
14062,13,31,327.93
14063,30,1,1412.18
14064,190,3,990.01
14065,304,1,3468.18
14066,275,1,546.15
14067,30,1,1196.66
14068,18,1,618.74
14069,6,6,1981.27
14070,85,1,181.13
14071,5,1,2277.39
14072,102,48,2033.01
14073,104,2,1309.48
14074,2,10,121.41
14075,281,19,228.91
14076,13,1,184.22
14077,325,10,710.51
14078,17,3,453.86
14079,277,2,315.87
14080,111,30,106.27
14081,291,35,5479.33
14082,46,4,777.43
14083,326,1,1936.63
14084,331,15,835.88
14085,28,1,483.38
14086,91,3,941.81
14087,1,1,1883.98
14088,310,3,1248.7
14089,195,1,1041.5
14090,50,40,3672.21
14091,244,11,46.04
14092,30,9,1857.38
14093,30,2,112.82
14094,31,3,405.17
14095,72,2,363.29
14096,72,1,222.98
14097,10,25,423.99
14098,2,5,380.06
14099,26,3,409.21
14100,336,43,482.97
14101,31,1,862.43
14102,86,15,883.67
14103,53,13,514.42
14104,78,39,872.61
14105,45,3,284.71
14106,65,1,1438.83
14107,250,1,266.71
14108,321,3,232.2
14109,139,2,495.58
14110,43,3,311.79
14111,30,10,4634.56
14112,13,1,2002.27
14113,4,14,205.74
14114,15,4,678.2
14115,151,1,2397.49
14116,85,1,395.6
14117,124,1,1716.41
14118,326,3,231.17
14119,30,41,435.19
14120,278,1,488.46
14121,91,4,736.88
14122,151,3,1016.37
14123,169,10,275.53
14124,91,7,4516.08
14125,214,1,160.43
14126,23,18,622.7
14127,3,1,437.91
14128,347,2,402.62
14129,2,3,523.37
14130,30,3,1593.47
14131,237,1,695.56
14132,250,9,2185.61
14133,112,2,5449.96
14134,191,1,1193.99
14135,30,12,1539.7
14136,8,4,329.66
14137,27,1,4353.41
14138,11,6,395.89
14139,297,3,811.97
14140,234,1,1709.25
14141,42,1,5384.94
14142,151,10,216.61
14143,282,30,1117.19
14144,49,4,3375.94
14145,242,1,1745.4
14146,277,1,838.32
14147,31,1,952.25
14148,12,40,1367.06
14149,17,8,621.94
14150,365,12,1439.73
14151,30,1,3874.81
14152,95,1,284.66
14153,346,1,5423.61
14154,271,1,530.9
14155,284,1,232.42
14156,57,1,148.46
14157,3,29,554.59
14158,30,1,618.97
14159,94,1,303.41
14160,360,2,674.82
14161,7,23,74.85
14162,21,13,205.41
14163,115,3,546.79
14164,26,1,907.54
14165,131,6,133.45
14166,58,8,1638.47
14167,30,3,41.12
14168,299,1,1127.3
14169,45,1,203.98
14170,281,4,926.53
14171,285,1,584.17
14172,30,14,507.53
14173,47,2,70.49
14174,30,8,93.6
14175,365,1,1193.71
14176,81,5,1306.22
14177,365,3,635.88
14178,30,1,2629.13
14179,245,1,98.64
14180,1,1,54.85
14181,30,1,739.21
14182,19,1,289.12
14183,189,4,174.47
14184,256,1,213.4
14185,23,4,1154.69
14186,231,2,116.08
14187,275,11,412.81
14188,291,1,3124.25
14189,309,1,118.49
14190,365,2,208.6
14191,28,1,643.47
14192,168,1,1466.85
14193,14,2,402.48
14194,268,1,730.09
14195,30,1,417.02
14196,22,3,6319.54
14197,7,1,351.35
14198,202,5,807.4
14199,10,1,324.64
14200,30,1,900.59
14201,129,1,591.51
14202,151,4,1722.22
14203,56,1,1277.05
14204,143,1,3161.5
14205,301,12,297.95
14206,30,7,138.97
14207,3,5,1298.87
14208,5,3,858.77
14209,15,10,662.38
14210,224,1,142.82
14211,305,1,2018.03
14212,13,4,1208.39
14213,99,16,365.27
14214,97,2,596.72
14215,30,1,392.19
14216,236,3,1134.29
14217,144,1,153.99
14218,2,1,228.01
14219,284,1,130.16
14220,8,4,388.89
14221,17,1,807.6
14222,8,2,442.1
14223,30,3,1003.93
14224,3,3,773.6
14225,274,1,311.65
14226,365,2,54.78
14227,222,1,5870.21
14228,277,12,715.82
14229,69,1,350.48
14230,23,1,350.02
14231,63,1,286.15
14232,207,5,885.75
14233,335,1,984.8
14234,8,3,9937.05
14235,281,1,100.11
14236,13,1,23.94
14237,8,2,180.66
14238,6,15,199.65
14239,68,1,1607.95
14240,289,4,416.98
14241,286,9,302.91
14242,30,1,817.06
14243,22,5,2338.68
14244,235,2,273.16
14245,30,1,1475.9
14246,327,28,155.17
14247,247,1,322.02
14248,98,2,136.49
14249,185,1,432.3
14250,15,1,1979.98
14251,182,14,2069.01
14252,310,1,1384.24
14253,94,1,2228.05
14254,186,2,368.34
14255,304,1,191.93
14256,150,1,25.62
14257,69,2,795.5
14258,341,10,381.06
14259,1,1,717.47
14260,88,1,1889.02
14261,98,1,1310.75
14262,30,4,439.61
14263,235,1,519.68
14264,5,1,2173.92
14265,241,1,539.69
14266,31,2,866.13
14267,2,3,231.99
14268,40,4,3212.39
14269,31,2,1222.24
14270,31,1,4127.29
14271,13,1,930.42
14272,19,1,1901.78
14273,55,1,410.28
14274,27,1,718.49
14275,274,1,1649.81
14276,19,1,11491.07
14277,254,1,164.03
14278,24,1,1135.64
14279,6,1,718.7
14280,14,1,166.11
14281,29,5,1064.49
14282,20,44,353.88
14283,151,2,210.59
14284,16,24,870.4
14285,267,25,4064.91
14286,30,1,1682.66
14287,250,1,1260.08
14288,78,3,3082.79
14289,30,1,2919.64
14290,130,1,730.69
14291,365,4,2404.04
14292,203,3,184.79
14293,3,3,592.2
14294,229,6,2801.55
14295,85,46,2218.07
14296,11,11,84.86
14297,2,4,1116.48
14298,113,1,112.94
14299,36,1,646.71
14300,10,7,225.1
14301,26,4,557.94
14302,63,12,1048.77
14303,19,3,951.5
14304,30,9,948.2
14305,102,1,141.43
14306,138,1,385.63
14307,17,13,627.75
14308,30,3,268.84
14309,267,48,1192.64
14310,31,1,422.96
14311,240,1,587.22
14312,1,1,541.9
14313,30,3,1512.14
14314,151,2,2769.74
14315,224,1,98.8
14316,98,7,113.16
14317,172,32,1257.17
14318,224,13,462.62
14319,122,1,325.06
14320,41,4,1326.6
14321,30,3,818.6
14322,139,3,280.08
14323,10,42,945.13
14324,5,12,543.58
14325,7,13,752.5
14326,150,2,4664.47
14327,75,1,1616.15
14328,92,5,381.72
14329,216,1,778.01
14330,189,3,1192.35
14331,70,4,436.26
14332,30,1,230.68
14333,91,1,1607.17
14334,195,1,1237.22
14335,178,3,960.65
14336,355,1,811.97
14337,30,1,375.76
14338,214,7,1010.84
14339,1,1,976.13
14340,356,2,1085.0
14341,30,1,596.94
14342,145,13,205.36
14343,207,1,1265.79
14344,17,1,382.84
14345,68,1,1086.43
14346,14,3,16433.72
14347,120,1,89.5
14348,266,3,691.43
14349,75,1,805.5
14350,34,1,1063.04
14351,278,3,553.05
14352,277,2,601.47
14353,316,1,2106.18
14354,254,3,441.87
14355,62,3,6742.48
14356,151,4,1622.26
14357,184,4,400.2
14358,22,9,310.12
14359,10,3,489.41
14360,165,2,871.96
14361,8,7,672.87
14362,31,1,504.12
14363,39,3,1425.04
14364,334,1,354.23
14365,341,3,373.55
14366,68,1,314.92
14367,231,1,1277.55
14368,66,37,775.56
14369,181,21,521.42
14370,6,1,802.3
14371,49,1,2116.91
