Year,Lag1,Lag2,Lag3,Lag4,Lag5,Volume,Today,Direction
2001,0.056,0.55,-1.095,0.763,-0.46,0.921,2.174,Up
2001,-1.743,-0.712,0.658,0.365,-1.262,0.7,-2.866,Down
2001,0.681,-0.097,0.468,0.365,-1.272,0.68,-0.655,Down
2001,0.386,-0.668,1.702,0.796,0.051,1.031,-0.406,Down
2001,-1.081,0.06,0.176,-1.33,2.446,0.625,2.157,Up
2001,0.434,1.862,-1.224,1.799,-1.497,0.725,0.3,Up
2001,-0.716,0.597,0.053,-2.594,-1.216,0.606,2.267,Up
2001,0.922,2.297,1.006,-0.304,0.876,1.278,-0.754,Down
2001,-1.258,0.561,-1.482,-0.01,-0.144,0.257,1.672,Up
2001,0.882,-0.333,1.322,-0.216,0.92,1.458,-1.507,Down
2001,0.865,-2.025,0.041,0.04,-0.857,1.102,-0.405,Down
2001,0.197,-1.601,0.612,0.561,0.33,0.968,2.742,Up
2001,2.724,0.388,0.074,-0.805,0.327,0.904,-1.774,Down
2001,-1.058,1.399,-0.712,0.174,2.189,1.246,-0.158,Down
2001,1.281,0.267,1.518,-0.06,0.875,0.946,1.615,Up
2001,0.021,-0.996,0.473,1.028,-0.381,0.192,0.043,Up
2001,-1.207,-0.581,-2.618,-0.668,-1.183,1.323,0.017,Up
2001,2.225,-0.621,-1.697,0.958,-0.193,1.032,0.976,Up
2001,0.053,0.208,0.23,-0.412,1.05,1.085,0.089,Up
2001,0.576,-0.545,-0.189,-1.039,0.309,1.342,-0.835,Down
2001,0.812,0.716,0.676,-0.139,1.737,1.315,0.268,Up
2001,-0.228,0.033,-0.37,0.089,-0.265,0.956,0.204,Up
2001,2.235,0.468,-1.851,-0.477,-1.558,0.753,0.758,Up
2001,0.968,1.512,-0.496,0.675,-0.231,0.861,-1.66,Down
2001,0.449,1.906,-0.384,-1.356,0.79,1.386,0.448,Up
2001,0.568,0.741,1.129,-0.749,-2.163,1.217,0.458,Up
2001,1.145,-0.45,-1.328,-1.285,1.241,0.907,-0.749,Down
2001,0.199,0.333,0.935,-0.745,-1.238,0.734,-0.381,Down
2001,-0.938,-1.215,-0.32,-0.98,0.042,0.566,-0.847,Down
2001,-0.529,-0.088,0.715,1.541,1.712,0.9,-1.516,Down
2001,0.126,0.234,-0.559,1.107,1.685,1.196,0.154,Up
2001,-0.653,0.841,-0.363,-0.188,0.203,0.958,-2.285,Down
2001,-0.441,0.985,-1.645,-0.765,-0.131,0.641,1.069,Up
2001,-1.149,0.397,-1.666,0.061,-1.584,1.271,-0.761,Down
2001,-0.16,0.559,2.424,1.185,1.779,0.962,0.66,Up
2001,0.075,2.327,-0.265,-0.277,-1.41,0.422,-1.33,Down
2001,0.244,1.159,-0.697,-0.408,-0.51,1.33,0.108,Up
2001,-0.365,-0.649,-1.485,1.519,-2.169,1.216,-0.404,Down
2001,-1.02,0.378,1.113,-0.229,-0.312,0.817,1.412,Up
2001,0.054,-0.287,0.964,-0.531,-1.084,0.909,0.055,Up
2001,-0.52,0.106,1.352,1.76,-0.439,0.613,-0.818,Down
2001,-1.611,-1.522,2.338,-0.443,0.504,0.75,-0.484,Down
2001,2.109,-0.748,-0.214,-0.639,-1.206,0.674,0.418,Up
2001,0.88,1.172,-2.061,1.08,-0.26,1.251,0.307,Up
2001,0.202,0.218,-1.437,-0.342,-1.09,0.96,0.378,Up
2001,2.107,2.404,0.092,-1.297,1.272,0.953,-2.525,Down
2001,-0.209,1.92,2.166,1.84,-0.435,1.069,0.78,Up
2001,-1.098,-0.729,-0.106,-1.016,1.313,0.381,0.755,Up
2001,0.723,-0.037,-0.44,0.714,1.516,0.843,-0.465,Down
2001,-2.123,0.257,-0.331,-0.819,-0.375,1.463,-0.916,Down
2001,0.148,2.057,0.063,-0.473,-1.35,1.006,-0.028,Down
2001,0.851,-0.827,-0.125,0.784,0.058,1.336,0.103,Up
2001,-0.425,-0.19,0.988,-0.022,0.267,1.041,-1.077,Down
2001,0.465,-0.368,0.361,-0.304,1.247,0.713,-1.441,Down
2001,0.552,-1.903,-0.228,1.22,-0.234,0.757,-0.01,Down
2001,-0.465,1.093,-1.191,0.072,0.649,0.862,-2.364,Down
2001,0.937,-1.137,-1.371,1.644,-0.856,0.994,0.978,Up
2001,-0.099,2.674,-0.512,-2.422,3.065,1.066,-3.711,Down
2001,1.114,0.395,3.055,-0.083,1.591,1.022,1.367,Up
2001,0.014,-0.303,0.696,0.973,1.411,1.174,-0.747,Down
2001,1.314,-0.549,-0.089,2.132,0.67,1.523,0.203,Up
2001,0.107,1.482,1.54,1.419,-0.601,1.334,1.275,Up
2001,-0.423,0.827,1.312,-1.315,-0.501,1.188,-0.852,Down
2001,-0.253,1.108,-1.191,2.975,0.099,0.752,-0.416,Down
2001,0.682,2.453,0.692,0.831,-0.189,1.056,-1.088,Down
2001,0.523,-1.154,-0.077,0.049,-1.081,1.016,0.485,Up
2001,1.115,0.506,-2.038,0.877,-1.01,1.221,0.516,Up
2001,0.649,-0.873,-0.385,0.47,2.143,1.298,-0.216,Down
2001,-1.652,-0.371,-0.365,1.213,-0.259,1.257,-1.273,Down
2001,0.468,1.476,0.853,-0.447,-0.465,1.265,-1.729,Down
2001,-0.282,0.182,-0.931,-0.048,0.646,0.95,-0.368,Down
2001,-0.503,-0.514,0.325,0.89,-1.463,1.302,1.029,Up
2001,-1.073,1.422,-0.017,-1.201,0.14,0.973,0.302,Up
2001,1.748,-0.672,-1.049,-0.268,1.757,0.565,2.104,Up
2001,-0.717,0.587,1.109,0.684,-0.373,1.077,-1.783,Down
2001,0.717,0.186,0.893,0.432,0.158,1.128,0.853,Up
2001,-1.903,0.71,-0.125,-2.279,-0.047,1.006,-0.743,Down
2001,0.326,-0.13,-2.68,-0.795,-1.058,1.387,0.678,Up
2001,-0.348,-2.522,0.31,0.587,0.632,1.409,-0.455,Down
2001,-0.058,-0.108,1.107,0.5,-0.456,0.429,0.396,Up
2001,0.331,0.765,1.321,0.519,-0.854,1.257,-2.343,Down
2001,-0.531,0.248,0.343,1.123,-2.05,0.996,1.582,Up
2001,-0.774,-1.249,1.192,0.851,0.375,0.44,-0.919,Down
2001,0.896,-0.609,0.587,0.081,0.117,0.918,-0.486,Down
2001,-0.121,1.058,1.178,-1.546,-0.561,0.686,-0.323,Down
2001,0.104,0.64,-1.744,-0.996,-0.325,0.759,0.168,Up
2001,1.921,-0.937,-0.418,-0.024,-0.103,1.433,-0.7,Down
2001,0.178,-0.023,-0.197,0.318,0.309,0.696,-0.38,Down
2001,0.421,0.445,-1.265,0.199,0.175,1.194,0.957,Up
2001,0.861,0.763,1.702,-0.859,-0.132,1.027,-1.345,Down
2001,0.247,-0.675,-0.281,-0.39,-0.507,1.515,0.09,Up
2001,2.497,-0.068,1.622,-0.916,0.324,0.961,-0.125,Down
2001,-0.673,0.387,1.837,2.14,0.91,1.284,0.034,Up
2001,0.523,0.032,0.452,1.526,-1.738,1.006,1.382,Up
2001,-0.301,-1.026,1.129,-1.317,0.945,1.281,0.398,Up
2001,-1.221,-1.137,1.667,1.143,-0.942,1.009,-0.113,Down
2001,-1.856,-0.99,0.675,0.001,-0.991,1.425,0.944,Up
2001,0.618,1.526,-1.196,-0.057,-0.843,0.847,0.161,Up
2001,1.22,0.152,-0.681,-1.765,0.785,0.726,0.253,Up
2001,-0.281,0.175,-0.172,0.467,-1.861,0.902,-1.248,Down
2001,-0.863,0.392,1.997,0.372,-0.054,0.943,0.965,Up
2001,-0.671,-0.704,-0.214,-0.836,0.161,1.371,0.693,Up
2001,0.038,2.195,-0.074,1.233,-0.431,1.884,1.719,Up
2001,1.068,2.689,-0.587,-1.221,1.2,0.846,-0.95,Down
2001,0.105,-0.238,0.531,0.364,1.398,1.594,0.744,Up
2001,0.505,-0.571,-1.157,-1.829,-1.125,1.418,-1.297,Down
2001,1.255,-1.518,0.107,1.385,0.687,0.22,-0.32,Down
2001,1.713,0.85,1.753,-0.58,-0.857,1.446,-0.228,Down
2001,2.176,0.422,0.144,-0.573,1.79,0.402,0.389,Up
2001,0.574,0.589,-0.659,0.136,-0.422,0.956,-0.198,Down
2001,-0.066,0.393,-0.514,-0.876,0.9,1.19,-0.987,Down
2001,-1.067,1.562,1.71,-1.479,1.796,1.492,2.276,Up
2001,-0.859,1.47,-0.592,0.872,-1.104,1.094,1.4,Up
2001,0.733,0.126,1.766,0.862,-0.936,0.959,-0.317,Down
2001,0.387,-0.696,0.242,1.721,1.758,1.164,-0.698,Down
2001,0.225,-0.841,0.131,2.318,-0.095,0.926,2.162,Up
2001,-1.541,-1.464,-1.255,1.227,-0.326,1.335,-1.559,Down
2001,-0.767,0.43,1.099,-0.12,-0.832,1.51,-0.128,Down
2001,0.275,0.935,-1.764,-1.489,2.218,0.562,0.11,Up
2001,0.513,0.435,-1.482,-1.035,-0.247,1.005,0.467,Up
2001,1.405,0.138,-1.733,1.718,1.768,0.813,1.676,Up
2001,0.99,-1.166,-0.671,-0.26,0.171,1.361,0.029,Up
2001,1.994,-1.444,-0.748,0.012,-0.596,0.598,-1.238,Down
2001,-0.534,-1.599,0.063,-0.34,0.205,1.024,1.453,Up
2001,1.02,-0.28,-0.125,0.301,-0.482,1.374,-1.009,Down
2001,0.225,-1.897,-0.931,0.565,0.224,1.305,0.405,Up
2001,0.901,-1.446,-0.577,-0.083,-0.101,1.288,1.737,Up
2001,-0.239,1.548,-0.501,-0.349,0.555,0.918,-0.581,Down
2001,0.514,0.145,1.808,0.615,-0.255,1.058,-1.477,Down
2001,-1.05,1.332,-0.679,0.422,-0.574,1.048,0.611,Up
2001,2.292,0.79,-1.916,0.31,-1.506,1.548,-0.778,Down
2001,-0.617,0.872,-1.413,0.351,-0.089,1.302,-0.64,Down
2001,0.81,-1.067,0.662,-0.403,1.107,1.03,-0.376,Down
2001,0.033,0.7,1.444,1.174,-0.051,1.038,-0.348,Down
2001,0.749,-0.02,0.442,1.745,-0.957,1.186,-1.568,Down
2001,-1.312,0.497,-0.639,1.314,0.905,1.77,0.704,Up
2001,0.655,-0.047,-0.532,-0.987,-0.628,1.461,-0.054,Down
2001,-0.062,-1.069,1.082,0.663,-1.454,0.395,0.637,Up
2001,-2.965,1.169,-1.35,-3.172,-1.832,1.269,0.231,Up
2001,0.201,1.451,0.989,1.585,1.925,1.518,-0.266,Down
2001,2.023,-1.05,-0.215,-0.683,0.059,1.202,0.691,Up
2001,-0.383,0.288,1.997,-0.772,0.809,1.538,-0.722,Down
2001,-1.059,-1.41,1.106,-0.149,0.078,0.981,1.972,Up
2001,1.581,-1.451,0.084,1.601,-1.123,1.488,-0.434,Down
2001,0.285,1.015,1.017,0.739,1.069,1.381,0.754,Up
2001,0.533,0.864,0.426,-0.978,0.129,1.072,1.038,Up
2001,-0.115,1.246,0.563,0.573,0.216,1.111,-0.885,Down
2001,0.731,-0.581,0.316,-0.731,-0.367,1.238,0.369,Up
2001,-1.201,2.436,0.676,-1.022,-0.389,1.704,1.856,Up
2001,0.387,-0.469,0.823,0.496,1.263,1.366,1.341,Up
2001,-3.067,0.837,0.271,1.108,-0.599,0.933,-0.988,Down
2001,-0.786,-1.221,0.526,0.19,-1.839,1.03,0.0,Up
2001,-0.603,-0.016,-1.289,-0.391,-0.104,1.001,1.403,Up
2001,-0.611,-1.762,1.258,0.279,0.385,1.051,0.475,Up
2001,-0.619,0.199,-0.73,-0.124,0.158,1.02,-0.38,Down
2001,0.645,-0.629,-0.829,1.369,-1.499,1.63,0.735,Up
2001,0.221,-0.108,0.754,-0.46,-1.113,0.815,-2.402,Down
2001,0.136,-1.464,-1.14,-0.022,0.132,1.052,0.74,Up
2001,-1.583,1.379,-0.041,1.35,1.207,1.054,0.267,Up
2001,0.065,-0.434,-1.532,1.092,1.683,0.746,-0.628,Down
2001,0.187,0.071,-0.973,-1.094,-0.109,1.763,1.293,Up
2001,1.331,-0.288,0.963,0.444,-0.107,0.739,-0.1,Down
2001,-0.893,-0.39,-1.287,0.941,0.563,0.85,-0.101,Down
2001,-1.038,-0.716,-1.406,0.187,0.674,1.257,-1.621,Down
2001,-0.946,-0.451,0.435,-1.769,0.281,0.704,-0.698,Down
2001,1.731,1.795,-0.113,-0.02,0.847,1.039,-0.037,Down
2001,0.763,1.635,0.32,0.42,0.416,1.456,-2.993,Down
2001,1.893,-0.945,1.471,0.366,0.43,1.214,0.362,Up
2001,-0.775,0.083,-0.835,-2.668,0.388,0.922,-0.492,Down
2001,-1.317,0.187,-1.278,-0.265,-0.304,1.526,-1.919,Down
2001,-1.733,0.142,-0.516,-2.446,2.088,1.346,0.494,Up
2001,0.658,0.518,0.167,1.039,-0.395,1.386,-0.174,Down
2001,0.912,1.155,-0.406,0.183,0.298,0.809,-2.902,Down
2001,-1.457,0.519,0.061,1.451,0.307,1.243,1.084,Up
2001,-0.816,0.262,-0.438,-2.42,-0.124,1.344,-0.053,Down
2001,-1.285,1.459,0.43,1.026,0.464,0.774,-1.82,Down
2001,-0.138,0.821,-1.576,0.928,-0.07,1.752,1.723,Up
2001,-2.062,-0.107,0.713,-0.446,1.549,1.127,-0.412,Down
2001,1.453,-0.581,-0.751,-0.169,-0.439,1.227,1.172,Up
2001,0.845,1.249,0.78,0.812,0.017,1.168,0.189,Up
2001,-0.063,-0.666,2.596,1.066,0.719,1.259,0.741,Up
2001,-0.635,-1.56,-0.74,-0.392,-0.318,1.4,-1.044,Down
2001,0.761,-0.344,0.761,0.604,0.812,0.621,-2.365,Down
2001,-0.048,0.913,0.236,0.28,-0.104,1.02,-1.64,Down
2001,-0.063,0.316,0.804,-0.694,-0.25,1.045,1.751,Up
2001,0.13,1.277,0.085,0.765,1.069,1.168,-1.282,Down
2001,0.107,1.768,-0.971,-1.389,-1.159,0.829,-1.518,Down
2001,-0.826,-0.565,-0.235,0.452,-0.451,1.824,-0.591,Down
2001,-0.526,0.686,-0.135,0.295,-0.406,1.511,0.987,Up
2001,-1.346,-0.013,-0.085,0.444,0.043,1.338,-1.409,Down
2001,-0.851,1.637,-1.301,-2.004,-0.688,1.348,-0.126,Down
2001,-0.563,0.553,-0.616,0.006,0.262,1.479,2.547,Up
2001,0.749,-1.761,0.259,-1.336,1.201,0.916,-0.387,Down
2001,-0.834,-0.753,0.554,-0.037,-0.113,0.947,0.704,Up
2001,0.755,-0.544,-0.671,1.096,-0.603,1.71,-0.553,Down
2001,0.196,-1.335,-0.03,-0.35,0.412,1.424,-0.4,Down
2001,2.413,-2.091,-1.062,-0.361,0.148,1.439,-1.089,Down
2001,-1.587,-0.054,-0.906,0.071,-1.026,1.024,2.554,Up
2001,3.03,0.228,0.768,-2.535,-0.885,0.744,-0.627,Down
2001,-0.184,1.849,-0.911,0.406,-0.984,1.22,2.568,Up
2001,-0.143,-2.078,-2.084,-0.841,0.907,1.379,-1.263,Down
2001,0.918,-0.213,-1.398,1.22,-0.389,1.629,0.296,Up
2001,-1.001,-0.43,-0.285,1.865,-0.027,1.799,1.434,Up
2001,-0.582,-0.496,-1.708,1.353,-1.056,0.889,1.382,Up
2001,0.125,-1.081,-0.869,-2.385,0.081,0.957,-1.556,Down
2001,2.415,1.966,0.45,1.547,-0.85,1.138,0.049,Up
2001,-1.248,1.268,-0.729,2.334,1.533,1.037,-0.226,Down
2001,-1.247,-0.396,-0.389,0.84,-0.418,1.193,-0.281,Down
2001,-0.034,-1.66,1.773,0.969,0.082,1.217,-0.487,Down
2001,-1.753,0.178,3.282,0.452,1.361,1.273,-0.189,Down
2001,-2.362,-0.334,-0.256,1.19,-1.081,0.998,-1.122,Down
2001,0.931,1.194,0.1,-0.193,0.492,0.827,-0.314,Down
2001,-1.137,-1.778,-1.894,0.153,-0.346,1.183,0.854,Up
2001,-0.186,-0.656,-0.157,2.002,-0.392,1.918,1.155,Up
2001,-1.056,-1.403,-1.115,0.55,-0.31,1.074,-1.596,Down
2001,-0.499,-0.304,-1.655,-1.067,-0.525,1.312,-0.213,Down
2001,-0.539,0.192,0.889,-0.824,0.255,1.533,0.551,Up
2001,0.331,-0.755,0.505,0.977,-1.872,1.751,-0.855,Down
2001,0.369,0.36,0.258,-1.764,1.013,1.026,-1.805,Down
2001,-0.237,-0.976,-1.811,0.374,-0.279,1.058,-1.314,Down
2001,-1.591,1.712,-1.439,0.652,-1.139,1.914,2.056,Up
2001,-0.291,0.66,-0.348,0.535,-0.027,1.586,1.655,Up
2001,1.612,0.768,0.52,-0.804,-0.461,1.327,-1.347,Down
2001,0.224,1.871,1.659,0.213,1.3,0.952,-0.46,Down
2001,0.197,0.282,0.111,-0.292,0.603,1.119,-0.707,Down
2001,3.447,-0.259,1.318,1.036,0.111,1.527,-0.481,Down
2001,0.908,-0.42,0.218,1.661,1.801,0.899,-2.582,Down
2001,0.047,-0.124,-1.395,0.886,-0.546,1.109,-0.934,Down
2001,-0.887,0.293,0.008,-1.54,1.333,0.947,0.06,Up
2001,-1.82,-1.788,1.044,-0.334,-1.898,0.679,0.748,Up
2001,1.12,0.957,-0.235,-0.118,0.176,1.041,1.182,Up
2001,0.871,-0.177,-1.257,-0.143,-0.601,1.563,0.181,Up
2001,-1.831,-0.591,-1.203,0.072,1.271,1.53,0.795,Up
2001,0.499,3.065,0.452,0.13,-1.033,1.379,-1.885,Down
2001,0.913,0.365,-1.838,-0.746,0.683,0.898,-0.957,Down
2001,-0.534,0.433,0.217,2.249,-1.66,1.375,-0.835,Down
2001,-0.205,-1.495,-1.004,2.139,1.012,1.627,-0.949,Down
2001,0.652,-0.069,0.033,2.246,-1.147,1.315,-0.38,Down
2001,1.426,1.229,-1.001,0.265,-0.769,1.087,-0.362,Down
2001,0.067,0.989,0.349,1.382,0.859,1.463,0.761,Up
2001,-2.455,0.925,-1.391,-3.225,-0.357,1.35,-0.763,Down
2001,-0.569,2.315,1.167,0.975,0.094,1.475,-0.578,Down
2001,1.034,-0.695,1.269,-0.474,-0.142,1.226,0.393,Up
2001,0.349,-0.754,3.323,0.271,-0.422,1.104,0.769,Up
2001,-1.002,-0.687,-0.018,0.642,-1.612,1.165,0.003,Up
2001,-0.482,2.05,0.381,0.054,-0.39,1.339,2.034,Up
2001,-0.218,0.194,1.582,1.531,-0.564,1.243,1.219,Up
2001,-0.932,0.581,-0.592,1.116,1.267,1.021,0.115,Up
2001,-0.792,-2.304,-1.507,-0.104,-1.304,0.84,-1.288,Down
2001,0.347,0.23,0.044,-0.17,-0.776,1.17,-3.468,Down
2002,0.653,-2.13,0.475,2.535,1.426,1.771,1.051,Up
2002,0.011,-0.314,0.428,-0.153,1.826,1.419,-1.038,Down
2002,-0.624,-0.206,-1.312,0.642,-1.75,1.558,0.057,Up
2002,0.902,0.598,-1.411,0.445,-0.29,0.854,-0.532,Down
2002,-0.607,-1.479,-1.799,-1.609,-1.862,1.115,0.404,Up
2002,0.031,-1.13,2.322,0.393,1.255,0.957,0.064,Up
2002,-0.768,1.71,-0.495,1.084,0.376,1.693,0.024,Up
2002,0.771,-1.286,-1.047,1.029,0.494,1.128,-0.271,Down
2002,-0.654,0.647,0.103,-0.646,2.247,1.468,0.124,Up
2002,-2.533,-0.321,0.95,0.455,2.167,1.348,2.586,Up
2002,0.646,0.562,-0.699,1.791,-0.662,1.492,1.34,Up
2002,-0.383,-0.384,0.707,-0.648,-0.071,1.02,0.051,Up
2002,-0.566,-1.927,-0.748,2.261,-0.435,0.922,-2.135,Down
2002,0.185,2.847,-0.859,0.782,1.339,1.181,-1.045,Down
2002,-1.05,1.712,0.994,-1.313,0.083,1.484,-0.327,Down
2002,-1.342,3.094,2.342,0.023,-0.745,1.005,0.167,Up
2002,0.498,-1.257,-0.263,-1.227,-0.283,1.496,1.799,Up
2002,0.46,0.361,0.801,-0.558,0.97,1.132,-0.054,Down
2002,0.104,0.392,1.654,0.049,-1.06,1.774,1.77,Up
2002,0.758,-1.136,0.096,-0.055,-2.312,1.057,0.435,Up
2002,-1.577,-1.018,0.377,0.998,0.079,1.682,0.34,Up
2002,2.56,0.902,-1.697,0.7,-1.101,1.26,0.338,Up
2002,-0.865,-0.315,-0.263,0.371,0.84,1.717,-0.122,Down
2002,1.223,-0.616,0.104,1.298,-1.21,1.854,2.199,Up
2002,1.11,0.81,-0.389,1.343,0.461,1.389,0.55,Up
2002,0.79,1.765,-0.092,-1.239,-0.495,1.425,0.906,Up
2002,-1.193,1.115,-0.406,-0.484,-0.699,1.173,0.248,Up
2002,1.219,0.331,0.846,0.252,-0.815,1.554,-0.99,Down
2002,-1.013,1.316,-0.319,0.735,-1.263,1.017,0.253,Up
2002,-0.34,-0.628,-0.955,0.609,0.938,1.887,-0.661,Down
2002,-0.298,2.29,-0.047,-1.788,0.555,1.335,-1.009,Down
2002,-1.436,-0.437,0.28,1.25,0.598,1.034,2.445,Up
2002,-0.808,1.392,0.264,1.395,1.427,1.367,0.115,Up
2002,0.008,-0.804,0.758,0.068,-0.091,1.094,-0.754,Down
2002,0.144,-0.945,-1.13,-0.594,0.156,1.572,0.513,Up
2002,-0.358,0.675,0.799,0.456,-1.122,1.194,0.137,Up
2002,-1.623,-1.088,-1.314,0.876,0.845,0.823,-0.551,Down
2002,-1.831,-0.482,-0.191,-0.992,-0.367,1.065,1.434,Up
2002,-0.974,-0.51,-0.043,0.342,-0.92,1.563,1.016,Up
2002,0.749,-0.97,-0.433,-0.267,-1.057,0.609,0.736,Up
2002,0.461,-0.764,-1.067,1.787,-0.337,1.356,1.909,Up
2002,-0.501,-2.565,-0.223,1.628,-0.438,1.177,0.52,Up
2002,-0.386,0.803,0.897,1.244,0.718,1.045,-0.449,Down
2002,-0.302,-0.805,0.598,0.549,0.527,0.895,-0.512,Down
2002,-0.754,-0.553,1.663,-0.437,0.655,0.643,-0.676,Down
2002,-0.004,-1.864,0.595,-1.163,1.749,1.279,-0.32,Down
2002,-0.442,-0.728,-0.241,-0.087,-0.483,1.551,-1.08,Down
2002,-0.413,1.131,0.133,0.786,0.067,1.103,0.398,Up
2002,0.639,-0.734,1.659,-1.017,-1.923,1.351,1.534,Up
2002,-1.512,-1.122,-0.349,1.817,-1.387,0.948,2.669,Up
2002,0.733,-1.067,1.431,0.579,1.979,1.232,0.679,Up
2002,-0.331,0.825,0.905,-0.503,-0.135,0.66,-0.117,Down
2002,-0.729,-0.898,-0.71,-1.33,0.863,1.307,-0.761,Down
2002,-0.163,-1.035,-0.024,0.274,-0.431,0.756,0.978,Up
2002,1.084,-0.325,0.095,2.337,-0.662,1.404,1.039,Up
2002,-0.018,0.257,-1.42,-0.518,0.804,1.358,-1.767,Down
2002,1.714,-0.804,0.464,-0.363,-0.536,1.282,-0.197,Down
2002,-1.376,0.382,-2.341,0.651,0.205,1.349,-0.063,Down
2002,0.28,-0.282,-1.469,-1.754,0.078,1.117,-0.032,Down
2002,0.516,0.134,-1.058,0.918,2.494,1.387,0.216,Up
2002,-0.508,-1.097,-0.465,1.917,-0.925,1.176,1.106,Up
2002,-0.57,-0.218,-0.365,0.712,-0.533,1.429,-0.42,Down
2002,-1.355,0.145,0.008,2.17,1.313,1.605,0.737,Up
2002,1.963,0.05,0.45,0.53,0.005,1.553,-1.759,Down
2002,-1.763,0.625,0.23,1.809,1.188,1.062,-0.03,Down
2002,-0.556,0.395,-1.202,1.3,-0.197,1.782,-0.678,Down
2002,-1.457,-2.391,0.861,0.657,-1.024,1.035,-0.357,Down
2002,2.532,-0.653,1.738,-0.791,0.258,1.372,-2.056,Down
2002,-0.634,2.283,1.077,0.285,0.422,0.958,1.435,Up
2002,0.167,0.214,-1.499,0.483,1.518,1.035,0.144,Up
2002,-0.777,-1.436,-1.552,-1.072,1.069,1.381,-0.24,Down
2002,0.467,-1.487,1.553,-0.402,0.683,0.965,0.295,Up
2002,-0.393,-1.164,0.143,-0.448,0.248,1.005,0.23,Up
2002,0.039,-1.32,0.477,-0.496,0.525,1.061,0.294,Up
2002,0.969,0.505,0.995,1.864,-0.357,0.986,-0.162,Down
2002,-0.723,-1.164,1.109,-0.991,0.69,1.25,0.472,Up
2002,1.562,-0.963,1.579,-1.118,0.797,1.221,-0.346,Down
2002,0.015,-1.696,-0.078,1.673,-0.22,1.608,0.19,Up
2002,-1.356,1.025,1.033,-1.24,0.122,1.487,0.783,Up
2002,-1.456,-1.613,0.762,0.799,1.697,1.254,-0.332,Down
2002,0.824,-0.237,1.213,-0.975,-0.475,0.911,0.088,Up
2002,0.12,-0.517,-0.204,-0.932,1.013,1.32,0.512,Up
2002,1.613,1.235,2.08,1.079,0.911,2.096,-1.354,Down
2002,-1.447,0.195,-1.603,1.198,0.237,1.143,0.036,Up
2002,-0.125,-0.455,-0.746,-0.114,-0.348,1.038,0.622,Up
2002,0.379,-1.42,-0.491,1.639,-2.18,2.066,1.074,Up
2002,-0.513,-1.406,0.404,0.806,-0.432,1.464,1.735,Up
2002,-0.81,-0.302,0.996,-0.865,-0.325,1.571,0.415,Up
2002,1.175,-1.179,-1.456,0.763,1.413,1.716,-0.103,Down
2002,0.818,2.554,-1.136,-0.675,0.435,1.079,0.98,Up
2002,-2.52,-0.551,2.248,1.375,-1.158,0.661,-0.988,Down
2002,2.397,1.659,0.299,-0.597,0.793,1.725,0.077,Up
2002,1.588,0.132,-0.874,0.61,0.479,1.226,1.018,Up
2002,-1.645,-1.517,-1.103,0.83,-1.3,1.772,-0.331,Down
2002,-0.271,0.276,-1.119,-1.145,-0.975,1.036,-0.341,Down
2002,-0.348,-1.104,1.962,0.513,1.113,1.245,-0.345,Down
2002,-1.163,-1.155,-1.396,-1.097,0.662,1.331,-0.819,Down
2002,1.217,1.169,0.913,-2.355,-0.522,1.323,0.265,Up
2002,0.374,0.768,-0.245,0.351,-0.149,1.095,-0.397,Down
2002,-0.263,0.556,-0.945,-0.71,0.32,1.439,-1.519,Down
2002,0.262,0.036,0.88,-0.615,0.246,1.754,0.295,Up
2002,1.201,-0.799,-0.436,1.389,-0.381,1.358,0.3,Up
2002,0.715,-0.949,-0.756,-1.384,-1.501,1.506,-0.403,Down
2002,1.225,-0.136,-0.756,0.998,0.21,1.447,3.083,Up
2002,0.457,0.107,0.849,-1.567,-1.636,1.623,0.532,Up
2002,-0.48,0.099,0.012,-0.761,0.493,1.551,-0.373,Down
2002,0.305,-0.123,-0.163,1.348,-0.311,1.241,-0.052,Down
2002,-1.406,-1.228,1.063,-0.307,0.277,1.43,0.641,Up
2002,0.398,-0.033,-0.826,-0.142,0.695,1.399,0.926,Up
2002,-1.021,0.012,0.047,-1.375,-0.353,1.852,0.414,Up
2002,0.41,0.042,-0.929,1.395,-0.674,1.197,1.794,Up
2002,0.885,0.585,0.044,1.5,2.686,0.958,0.871,Up
2002,1.056,0.586,0.3,0.132,-1.524,0.821,1.28,Up
2002,0.904,-0.867,-2.626,0.112,-0.401,1.038,0.976,Up
2002,-1.598,0.882,0.234,1.198,-0.401,1.132,0.045,Up
2002,-0.341,0.34,1.039,0.226,1.856,1.469,0.089,Up
2002,-0.364,-0.309,-0.698,-0.882,-1.296,1.487,-0.859,Down
2002,-1.574,-0.402,0.506,1.723,-0.015,1.795,-0.223,Down
2002,-1.82,0.908,-0.883,0.831,0.215,1.609,-1.179,Down
2002,-0.557,-0.4,-0.593,0.707,-0.804,1.369,0.398,Up
2002,-0.325,-0.67,-0.688,0.813,1.317,1.588,-1.798,Down
2002,-0.368,0.181,1.06,0.867,-0.537,1.312,-1.476,Down
2002,0.91,0.111,-1.384,-0.414,-1.034,1.491,-0.702,Down
2002,0.611,0.825,1.049,-0.239,-0.577,1.398,-0.712,Down
2002,-0.306,0.048,-0.745,0.384,1.015,1.483,0.412,Up
2002,-1.917,0.932,0.943,-1.372,4.638,1.085,0.945,Up
2002,0.95,0.361,-1.689,0.211,0.064,1.558,0.001,Up
2002,0.585,-0.525,-1.138,-1.214,0.252,1.402,0.126,Up
2002,-0.842,0.284,1.782,-1.808,-0.306,1.065,-0.23,Down
2002,2.371,0.491,1.928,0.169,1.728,1.418,0.14,Up
2002,1.141,1.234,-1.256,1.512,0.075,1.404,1.028,Up
2002,-0.497,0.907,-0.619,-1.25,0.121,0.996,2.607,Up
2002,1.155,-0.377,0.708,1.555,-0.03,1.501,0.574,Up
2002,-0.108,-0.773,-0.625,-0.116,-2.752,0.705,-1.072,Down
2002,0.197,1.997,0.116,0.042,-0.748,1.135,-1.642,Down
2002,0.71,-0.353,2.045,0.527,0.645,2.023,1.265,Up
2002,0.412,-0.434,-2.808,-0.5,0.777,1.545,-0.081,Down
2002,-2.127,0.49,0.474,0.641,0.209,1.095,0.215,Up
2002,0.273,-0.406,1.28,-1.514,-1.26,1.561,1.583,Up
2002,-1.086,-1.01,0.754,-0.306,0.919,1.054,-2.459,Down
2002,-1.445,-0.509,-0.892,0.045,0.208,1.579,-0.122,Down
2002,0.23,-0.747,1.376,-0.383,0.874,1.726,-2.761,Down
2002,1.858,1.457,-1.438,1.919,-0.21,1.505,0.754,Up
2002,0.743,0.121,-0.011,0.09,0.564,1.755,0.856,Up
2002,0.933,-1.041,-1.869,-0.522,-1.503,1.333,-1.713,Down
2002,-1.068,1.244,0.63,-0.889,-0.741,1.816,0.396,Up
2002,-0.664,-0.545,-0.3,0.073,0.985,1.348,0.585,Up
2002,-0.308,-2.059,-0.014,-0.254,-0.614,1.364,2.903,Up
2002,0.837,-2.154,-1.304,-0.956,1.655,1.059,0.59,Up
2002,-1.09,-0.531,0.394,0.036,-2.482,1.987,-0.773,Down
2002,0.032,-0.644,0.339,0.889,0.147,1.696,-1.598,Down
2002,-0.855,-2.761,0.172,0.517,0.229,1.781,1.07,Up
2002,-1.855,-0.88,-1.973,0.044,-0.934,1.015,-0.96,Down
2002,0.245,-0.752,-1.638,-1.579,0.595,1.123,2.287,Up
2002,0.574,-0.568,-1.681,-1.067,0.351,1.254,0.095,Up
2002,-0.607,-1.079,0.876,0.164,-1.088,1.238,-1.196,Down
2002,-1.803,1.609,0.568,-1.074,0.154,1.509,0.973,Up
2002,-0.394,-1.693,-0.161,-0.577,0.122,1.876,-0.749,Down
2002,-1.105,0.272,0.116,0.62,-0.752,1.312,-0.558,Down
2002,1.378,-0.227,2.364,0.29,0.021,1.377,1.121,Up
2002,-0.835,1.138,2.016,0.581,-0.281,1.513,0.211,Up
2002,0.1,1.598,-0.43,0.062,-0.596,1.455,0.539,Up
2002,0.675,0.403,0.398,0.273,-0.315,1.399,-1.143,Down
2002,0.415,-0.314,-1.757,0.887,-1.026,1.813,0.524,Up
2002,0.946,0.358,0.799,-0.167,-2.214,1.434,-1.503,Down
2002,-0.242,-1.677,1.164,0.577,-2.097,1.64,0.007,Up
2002,0.642,-0.119,-2.732,-0.797,-0.662,1.631,0.485,Up
2002,0.349,0.074,-2.246,0.977,-0.795,1.06,-1.417,Down
2002,0.398,-0.922,0.792,-0.068,-1.229,1.563,0.513,Up
2002,-1.349,0.673,0.519,-0.554,0.595,1.127,-1.237,Down
2002,1.513,-0.2,-1.466,1.319,-0.611,1.267,0.125,Up
2002,-0.227,-1.634,0.566,0.335,-0.718,1.577,-1.202,Down
2002,0.331,-0.429,-0.726,-1.806,1.02,1.162,1.098,Up
2002,0.153,1.828,1.311,-0.451,0.694,1.095,-0.741,Down
2002,-0.937,0.137,1.832,0.279,0.502,0.951,1.904,Up
2002,-1.065,-0.269,-0.211,0.616,-0.938,1.392,-2.663,Down
2002,-0.755,2.085,1.894,1.083,-0.504,0.901,0.804,Up
2002,-0.768,-0.27,1.509,0.939,0.869,1.304,-1.458,Down
2002,0.658,1.346,-0.211,0.735,-1.647,2.061,-0.287,Down
2002,-1.27,-0.437,0.687,-0.39,0.834,1.393,2.746,Up
2002,0.72,0.935,-0.425,0.986,-0.255,1.553,-0.91,Down
2002,0.441,-2.59,0.655,0.002,0.796,1.526,-0.069,Down
2002,-0.094,0.767,0.82,-0.749,-0.243,0.938,1.102,Up
2002,-2.427,0.14,-0.242,1.309,0.333,1.092,-0.265,Down
2002,-0.348,-1.41,0.767,-0.364,-0.026,1.376,0.901,Up
2002,-0.256,-0.663,0.421,1.31,-0.739,1.659,-1.263,Down
2002,0.139,0.5,-0.428,1.136,0.692,1.579,-2.43,Down
2002,0.161,-0.133,-0.676,-1.129,0.753,1.477,-0.077,Down
2002,-0.332,0.669,-1.281,-0.529,2.009,1.167,0.736,Up
2002,1.221,0.175,1.14,0.616,1.132,2.08,1.123,Up
2002,-0.379,-2.352,-0.435,-0.004,-0.084,1.862,-0.306,Down
2002,1.291,-0.708,0.258,-1.297,1.136,1.594,1.286,Up
2002,-1.267,1.591,0.831,-1.469,0.76,1.097,-0.151,Down
2002,1.977,-0.178,0.912,0.011,0.44,1.064,-0.951,Down
2002,0.964,1.854,2.835,-1.354,-0.939,1.142,-0.953,Down
2002,-0.15,0.413,-0.647,1.525,-1.237,1.126,0.191,Up
2002,-1.798,0.317,-1.947,0.516,-0.071,1.613,-2.188,Down
2002,-1.836,-0.628,0.43,1.155,0.962,1.727,-1.727,Down
2002,-0.531,-0.034,-1.095,2.211,-0.431,1.207,-1.143,Down
2002,0.915,1.17,-0.982,0.659,1.06,1.091,-0.895,Down
2002,1.562,0.86,2.06,1.324,-0.615,1.597,-2.753,Down
2002,0.663,-1.222,-2.151,2.045,0.243,1.671,0.147,Up
2002,-0.294,0.316,0.898,-1.578,1.286,1.332,-0.502,Down
2002,0.324,0.514,1.026,0.316,-0.753,1.274,-1.191,Down
2002,-1.025,1.665,0.43,-0.422,-0.711,1.541,0.481,Up
2002,0.676,1.632,0.798,-0.055,-0.335,1.607,1.308,Up
2002,2.454,-2.966,-0.674,-0.346,-1.145,1.615,-0.927,Down
2002,0.127,1.551,0.312,-1.744,-1.563,1.672,0.161,Up
2002,-0.222,0.755,0.95,-0.899,0.688,1.822,-2.064,Down
2002,-0.678,-2.226,0.521,-0.255,1.241,1.252,-1.23,Down
2002,-1.43,0.265,0.097,-0.696,-1.512,1.562,-0.286,Down
2002,0.596,-0.128,1.632,-1.01,1.051,1.578,-0.615,Down
2002,-2.351,1.11,-0.801,0.193,0.449,1.217,-1.213,Down
2002,0.371,-1.089,0.669,0.56,0.038,1.476,0.368,Up
2002,0.281,-1.043,-0.134,-0.011,-1.652,1.503,-0.289,Down
2002,-0.538,0.76,-0.138,0.037,-1.37,1.658,-0.217,Down
2002,0.943,-0.703,-0.38,-1.38,0.379,0.962,1.288,Up
2002,-0.212,-1.239,0.908,0.027,-0.282,1.226,0.293,Up
2002,1.128,-0.482,-0.838,2.215,0.109,2.0,-0.075,Down
2002,1.25,0.918,-1.704,-0.291,0.05,1.405,2.539,Up
2002,-0.66,0.285,1.281,-0.614,-0.042,1.42,-1.28,Down
2002,-0.122,0.06,-0.586,0.799,-1.569,1.844,3.107,Up
2002,-0.979,-1.306,0.208,0.868,1.039,1.615,-0.152,Down
2002,1.252,-1.374,-0.061,0.937,-0.14,1.76,-0.146,Down
2002,0.639,0.739,-0.088,-0.652,-0.498,1.707,0.337,Up
2002,1.532,0.198,-0.541,-0.741,1.11,1.608,0.692,Up
2002,-1.244,0.57,2.339,0.059,-1.15,1.379,-0.356,Down
2002,-1.955,0.905,-1.243,0.297,1.972,1.66,2.015,Up
2002,0.493,-0.177,-0.148,0.965,-0.66,1.804,-0.008,Down
2002,-0.303,1.028,1.405,-0.495,1.24,2.203,-1.258,Down
2002,0.324,-1.591,0.186,0.083,-0.129,1.147,-0.09,Down
2002,0.161,1.816,-0.063,0.616,1.791,1.424,0.401,Up
2002,-0.472,-1.76,-1.344,-1.582,1.031,1.437,-0.715,Down
2002,1.686,-0.22,1.828,-0.424,0.818,1.714,1.39,Up
2002,0.593,-0.802,-0.168,0.875,-1.481,1.608,-0.439,Down
2002,-0.084,-0.895,-0.915,0.662,-1.05,1.49,-0.302,Down
2002,1.376,0.347,-0.731,-1.468,0.772,1.18,1.579,Up
2002,0.351,-1.208,0.548,-0.377,1.734,1.767,1.64,Up
2002,0.616,-0.883,-0.11,1.607,1.335,1.507,-1.311,Down
2002,-0.475,-1.624,1.215,-0.829,2.259,1.198,-0.369,Down
2002,-1.349,-0.473,1.752,0.277,1.18,1.209,-0.7,Down
2002,1.363,-2.17,-0.85,0.749,0.517,1.349,-1.351,Down
2002,-0.591,-1.149,0.153,0.835,0.728,1.927,-0.414,Down
2002,-1.263,-0.643,1.169,1.067,0.447,1.299,0.966,Up
2002,-0.527,0.919,-0.314,-2.026,-1.701,1.502,0.127,Up
2002,-2.197,0.143,1.067,0.567,0.409,1.768,1.215,Up
2002,-1.114,0.703,-1.196,-0.745,0.694,1.584,-1.148,Down
2002,0.519,-1.435,-0.144,-0.443,-0.314,1.476,-0.162,Down
2002,-0.824,-0.558,-0.361,1.192,1.432,1.154,0.431,Up
2002,-0.025,0.458,0.718,-0.814,0.871,1.39,1.71,Up
2003,0.167,-1.479,0.265,0.174,-0.597,1.281,0.591,Up
2003,-1.177,-1.032,-0.849,3.159,-1.277,1.517,0.285,Up
2003,-0.369,0.242,1.041,-1.085,-1.886,1.311,0.612,Up
2003,-0.229,-2.194,-1.825,1.154,0.139,1.275,-0.58,Down
2003,1.707,-1.35,-0.469,0.499,1.294,1.443,1.017,Up
2003,0.288,-0.288,-1.279,0.549,-1.882,1.756,-0.231,Down
2003,0.706,0.239,0.43,0.073,2.024,1.791,-2.447,Down
2003,1.439,1.729,-1.087,0.644,-1.233,1.988,1.068,Up
2003,0.129,0.142,0.354,0.716,0.808,1.916,-0.466,Down
2003,0.186,0.772,-1.005,0.73,1.716,2.198,-1.32,Down
2003,-0.954,0.998,-0.593,0.801,-1.018,1.07,2.095,Up
2003,0.984,-0.518,1.147,0.251,0.102,1.564,1.967,Up
2003,0.585,-0.766,-0.905,-0.12,0.269,0.977,0.039,Up
2003,-0.156,-0.147,-1.07,0.725,0.157,1.206,1.485,Up
2003,-0.573,0.218,0.804,0.091,0.628,1.184,-0.75,Down
2003,1.146,0.949,0.017,-2.722,0.601,1.531,2.394,Up
2003,-1.767,-0.301,-0.272,1.096,0.397,1.219,2.597,Up
2003,-0.481,-0.21,0.698,-1.636,2.077,1.119,-0.936,Down
2003,-0.979,-1.08,-1.222,2.342,-1.239,1.758,-0.609,Down
2003,0.025,-1.596,1.075,-0.517,-0.468,1.708,-0.688,Down
2003,-0.774,0.303,0.762,0.971,0.302,1.571,1.035,Up
2003,-1.16,0.11,-1.627,-1.118,0.118,1.588,0.648,Up
2003,-0.042,-0.314,-0.878,-1.575,-0.787,1.507,1.173,Up
2003,-0.087,-0.842,0.008,-0.478,-0.505,1.882,2.597,Up
2003,-0.009,-1.414,-1.037,-1.393,1.93,1.304,-0.263,Down
2003,0.469,0.196,-2.667,-0.742,1.754,1.916,-1.884,Down
2003,0.039,-0.893,0.643,2.267,-0.406,1.361,1.698,Up
2003,0.083,-0.598,-0.262,-1.806,-2.106,1.845,0.192,Up
2003,0.243,-1.178,-0.947,-0.811,-0.796,1.102,-0.143,Down
2003,-0.87,-1.28,0.786,-0.734,0.219,1.69,0.337,Up
2003,1.959,-1.241,1.569,-0.628,0.443,1.36,-0.768,Down
2003,-0.453,1.215,2.868,0.231,0.491,1.62,1.548,Up
2003,-0.125,1.953,-2.598,-0.646,-0.078,0.81,2.383,Up
2003,0.007,1.688,0.837,-0.934,1.304,1.984,0.74,Up
2003,-0.979,-2.84,-0.239,-1.455,-0.042,0.805,1.736,Up
2003,-0.456,-0.957,0.215,0.074,-0.04,1.912,1.508,Up
2003,0.21,0.071,-0.773,0.585,-1.25,2.15,-1.479,Down
2003,-0.502,0.713,-1.223,0.354,0.64,1.344,1.52,Up
2003,0.472,-0.446,0.895,0.316,-3.227,1.341,0.515,Up
2003,-0.713,-0.209,-1.464,-0.984,0.961,2.043,-1.915,Down
2003,-0.439,0.232,1.962,-1.408,-0.49,1.867,-1.162,Down
2003,-1.335,-1.256,0.645,0.346,-1.898,1.765,0.687,Up
2003,1.395,0.534,0.504,0.375,0.199,1.155,1.231,Up
2003,0.024,-0.266,0.778,2.263,-0.963,1.19,2.064,Up
2003,0.408,0.481,0.466,-1.523,-0.19,1.553,0.606,Up
2003,0.088,-0.382,0.713,1.507,0.007,1.494,1.54,Up
2003,0.052,-0.748,0.221,-0.718,1.18,1.577,-0.37,Down
2003,-0.637,-0.555,1.179,0.569,2.307,1.151,1.48,Up
2003,0.221,-0.881,0.799,-1.094,-0.558,1.6,0.636,Up
2003,-0.536,-0.722,-1.929,0.614,0.103,0.999,-0.156,Down
2003,0.805,-0.591,1.023,-0.974,1.558,1.876,1.217,Up
2003,1.337,-2.323,2.033,0.978,0.101,1.195,-2.288,Down
2003,-0.093,-0.594,1.986,1.443,-1.376,1.664,2.162,Up
2003,-0.037,0.509,0.546,-1.336,0.188,1.135,-0.096,Down
2003,0.822,-1.169,0.176,-1.606,0.019,1.77,0.943,Up
2003,0.818,0.928,0.422,0.441,0.363,1.397,0.126,Up
2003,2.562,0.889,0.44,2.255,-1.257,1.412,-0.718,Down
2003,0.909,0.638,-0.585,-0.04,-2.571,1.344,0.607,Up
2003,1.214,-1.558,-0.454,-0.291,2.337,1.792,-1.858,Down
2003,1.204,1.508,-0.686,-0.526,1.866,0.927,-1.335,Down
2003,-0.701,-0.184,-0.585,2.101,-0.634,1.829,1.089,Up
2003,0.112,-0.402,-0.752,-1.945,-0.131,1.572,-0.721,Down
2003,-0.301,1.916,0.209,2.906,1.59,1.288,1.124,Up
2003,0.24,0.568,1.251,1.424,-0.475,1.655,0.24,Up
2003,0.617,-0.833,0.829,-0.107,-0.441,1.391,1.955,Up
2003,0.135,-1.621,0.514,-1.556,-1.139,1.773,0.274,Up
2003,-1.286,0.111,2.214,1.429,0.56,1.383,2.135,Up
2003,-1.418,0.58,0.459,0.185,0.828,1.36,1.29,Up
2003,0.617,1.159,-0.213,-0.208,-1.182,1.373,1.041,Up
2003,-0.292,-1.618,-0.074,-0.889,-1.546,1.681,1.336,Up
2003,-1.845,-0.94,0.372,1.116,1.301,1.652,0.181,Up
2003,1.123,-0.187,1.131,0.326,0.664,1.333,0.37,Up
2003,-0.457,-1.303,-0.1,-0.681,-1.162,1.342,1.468,Up
2003,-0.552,-0.002,1.207,0.528,0.457,1.369,0.448,Up
2003,0.497,0.54,1.151,-0.223,1.516,1.617,1.477,Up
2003,-0.121,0.208,-2.864,1.785,-1.485,2.049,-1.496,Down
2003,0.059,0.958,0.875,-0.108,0.29,1.225,0.632,Up
2003,1.056,-0.687,1.514,0.779,-1.222,1.453,1.715,Up
2003,0.974,0.212,1.277,1.575,0.915,2.032,1.99,Up
2003,0.432,-1.102,-0.808,-0.626,0.646,1.993,1.964,Up
2003,1.697,-1.081,-2.52,-0.466,-0.185,1.38,-1.509,Down
2003,0.732,0.467,2.08,0.143,-2.149,2.333,-1.02,Down
2003,-0.741,0.262,-2.234,-0.82,-0.265,1.306,1.683,Up
2003,-0.951,0.021,1.346,-2.368,-0.571,1.257,1.094,Up
2003,1.745,-1.266,-1.372,-1.118,1.336,1.657,0.028,Up
2003,-1.578,1.021,0.489,0.106,1.199,1.329,-0.744,Down
2003,0.774,2.006,-0.085,0.35,-0.691,1.531,0.075,Up
2003,1.335,-0.2,0.374,-0.437,-0.979,1.72,1.044,Up
2003,-0.393,-0.413,1.302,-0.173,0.64,1.595,-1.426,Down
2003,0.209,-1.64,-1.221,-0.272,0.55,1.327,-0.136,Down
2003,1.077,0.184,1.459,-0.829,0.861,1.577,2.339,Up
2003,-3.536,-0.212,-0.318,-0.155,0.707,1.991,-0.039,Down
2003,-1.104,1.041,-0.36,-1.311,-0.047,1.558,0.48,Up
2003,0.191,1.039,1.374,-2.486,-0.497,1.725,0.497,Up
2003,-0.805,1.843,-0.037,-0.534,-1.323,1.65,-0.967,Down
2003,-0.553,-0.157,0.068,0.096,0.896,1.944,0.663,Up
2003,0.361,0.343,0.1,0.61,0.19,1.51,-3.664,Down
2003,-0.278,-0.431,-3.438,-0.441,-1.01,1.772,-0.426,Down
2003,-0.446,-0.515,-1.392,-0.501,-1.261,1.483,0.174,Up
2003,-0.873,-0.694,1.956,-0.81,-2.4,1.949,-0.916,Down
2003,-1.079,0.912,1.817,-0.678,-0.41,1.787,-1.264,Down
2003,-0.815,-0.061,-0.697,-0.496,-1.067,1.407,1.107,Up
2003,-0.47,0.537,-0.07,-0.893,-1.901,1.701,0.658,Up
2003,-1.248,1.016,-2.159,1.268,-1.059,1.641,-2.164,Down
2003,0.008,-1.98,0.275,-0.354,-0.106,1.113,-1.117,Down
2003,2.272,-1.297,0.147,-1.363,-0.186,2.006,0.279,Up
2003,0.281,-1.095,-0.189,-0.791,-0.411,1.541,0.714,Up
2003,2.012,-1.746,-0.599,-0.314,-1.698,2.185,-0.746,Down
2003,2.41,0.031,1.52,1.808,1.308,1.338,-0.065,Down
2003,1.361,1.331,-1.291,1.621,0.759,1.532,-0.293,Down
2003,0.2,0.967,-0.027,-0.34,2.164,1.734,-1.218,Down
2003,0.922,-1.361,-0.935,-0.697,-2.453,1.732,0.767,Up
2003,1.085,0.96,0.965,1.899,0.6,1.671,1.267,Up
2003,-0.627,0.949,0.862,0.215,-0.143,1.188,-0.437,Down
2003,-0.294,-1.344,-0.259,1.875,2.19,1.893,1.849,Up
2003,-1.8,-1.608,-0.684,-1.276,1.505,1.753,-0.234,Down
2003,-0.646,-0.375,1.063,-0.786,-0.433,1.631,-1.342,Down
2003,-1.043,0.933,2.702,1.252,-0.643,2.107,-0.281,Down
2003,-0.827,-0.321,-1.785,0.796,-1.879,1.436,-1.9,Down
2003,-0.705,-0.131,0.412,1.489,1.015,1.423,1.342,Up
2003,1.25,-1.155,0.923,0.218,-0.28,2.268,0.616,Up
2003,0.077,-1.73,-1.149,-1.026,0.391,1.404,-0.043,Down
2003,1.069,0.928,-0.797,-0.149,0.455,1.785,2.045,Up
2003,0.584,-1.624,0.019,0.361,-0.068,1.338,-2.005,Down
2003,1.255,1.453,-1.859,0.398,0.35,1.618,-0.544,Down
2003,-0.913,1.551,0.058,-0.547,-1.165,1.154,1.442,Up
2003,2.5,-0.365,1.112,0.638,-0.77,1.638,0.7,Up
2003,0.197,-1.73,0.153,0.546,-1.717,1.448,0.248,Up
2003,-0.105,-1.529,0.669,-0.781,1.027,1.272,-0.739,Down
2003,-0.935,-1.298,-0.056,1.151,0.159,1.877,1.847,Up
2003,1.751,0.534,0.526,-0.236,0.633,1.909,1.171,Up
2003,-0.986,1.407,-1.924,-0.859,-0.633,1.768,0.629,Up
2003,2.631,0.214,0.267,1.103,-1.602,1.958,-0.801,Down
2003,2.036,-1.753,-0.439,-0.059,-0.04,1.356,1.127,Up
2003,1.475,-1.581,0.168,1.107,0.678,1.296,-2.616,Down
2003,-0.673,-1.085,1.37,3.128,-1.713,1.47,1.274,Up
2003,-2.787,-0.03,0.578,-2.394,0.508,1.408,-0.391,Down
2003,1.38,-0.748,1.49,-0.271,0.413,1.687,0.801,Up
2003,1.689,-0.789,-0.007,-1.401,-0.143,1.844,-0.031,Down
2003,1.376,1.527,-0.973,0.193,0.27,1.527,-1.863,Down
2003,-1.229,0.228,-0.643,0.564,0.813,1.857,-3.08,Down
2003,0.408,-0.221,-0.895,-2.804,1.528,2.002,-0.455,Down
2003,0.813,1.571,-2.862,0.305,1.244,2.281,0.788,Up
2003,1.385,0.905,0.732,-0.947,0.462,1.237,2.084,Up
2003,0.728,-0.079,2.278,-0.762,-1.373,2.068,0.103,Up
2003,-0.108,0.564,1.325,-0.312,0.116,1.891,-0.855,Down
2003,0.708,-1.377,0.366,1.57,0.706,1.782,1.171,Up
2003,1.428,-0.101,0.891,-0.483,-0.745,1.289,-0.341,Down
2003,0.487,-2.177,-0.44,-0.747,0.706,1.661,-0.475,Down
2003,0.332,-0.194,1.324,-1.111,0.012,1.307,-0.188,Down
2003,-0.493,1.964,-0.163,-0.463,-1.047,1.396,2.059,Up
2003,-0.175,0.343,-0.752,0.578,-0.094,2.034,-1.213,Down
2003,-0.643,0.703,0.029,-0.729,0.262,1.812,0.74,Up
2003,1.705,0.787,-0.644,-0.547,-0.533,1.789,0.398,Up
2003,1.868,-0.785,-0.572,-0.903,0.533,1.673,-0.63,Down
2003,-0.066,-0.4,2.285,-0.796,1.552,1.587,-0.862,Down
2003,-0.87,0.944,1.269,-0.476,-0.369,1.734,0.66,Up
2003,0.929,-0.118,-1.084,1.635,-1.812,1.545,1.075,Up
2003,-0.812,1.43,0.337,-1.255,0.818,1.635,-1.457,Down
2003,0.181,0.313,-0.318,-1.231,1.391,1.336,-2.218,Down
2003,0.21,-0.277,1.757,-0.715,1.192,1.738,-0.515,Down
2003,-1.021,-0.21,-0.958,0.139,-1.005,2.355,0.334,Up
2003,1.088,2.937,0.616,0.484,0.198,1.666,-0.74,Down
2003,-0.925,1.201,1.272,-1.667,-0.527,1.633,-0.927,Down
2003,-0.556,0.039,1.513,0.071,0.74,2.262,-0.048,Down
2003,-1.662,-0.979,-0.366,-1.382,-1.172,1.321,-0.691,Down
2003,0.735,-0.292,-0.235,1.819,-0.778,1.65,0.022,Up
2003,-0.467,1.564,0.023,0.677,-0.07,2.226,0.64,Up
2003,0.395,0.046,-1.321,-0.435,-0.178,1.541,1.164,Up
2003,1.121,0.104,-0.329,-0.843,-0.27,1.348,-0.214,Down
2003,-0.27,-1.148,1.022,0.125,-2.564,1.716,2.199,Up
2003,-0.888,-0.254,-0.264,-0.968,1.013,1.96,-0.823,Down
2003,-0.855,0.432,-1.613,-0.046,-1.907,1.385,-0.854,Down
2003,0.172,-0.013,0.44,-1.571,1.043,1.303,-0.901,Down
2003,-0.797,0.849,2.291,-0.177,-0.183,1.584,-0.207,Down
2003,0.075,-1.118,-0.162,-0.095,-1.626,2.112,0.234,Up
2003,1.846,1.009,-0.827,-0.307,-0.094,1.413,0.861,Up
2003,-0.876,0.963,-0.76,-1.084,1.904,1.733,0.24,Up
2003,0.043,0.67,2.112,-0.371,-0.517,2.1,-2.864,Down
2003,0.858,-1.411,0.099,0.011,-1.735,1.729,-0.543,Down
2003,-1.919,-0.391,-0.781,-0.381,2.468,1.497,0.691,Up
2003,-0.367,-0.034,-0.431,-1.694,0.953,1.571,1.68,Up
2003,0.124,1.648,0.008,-0.663,2.259,1.659,0.139,Up
2003,0.479,0.214,-0.054,0.769,0.897,1.571,0.762,Up
2003,0.103,0.558,-1.011,-0.303,-2.155,1.608,-0.859,Down
2003,0.448,0.328,0.887,-0.871,1.277,1.678,0.322,Up
2003,0.286,0.936,-1.876,2.374,0.324,1.793,-1.271,Down
2003,-0.079,1.022,-0.186,1.303,1.549,1.202,-1.791,Down
2003,-1.099,1.735,3.261,-0.936,-0.126,1.724,0.249,Up
2003,-0.807,-0.001,-1.541,-0.069,-0.663,2.162,1.378,Up
2003,-0.004,-0.342,-0.192,-1.162,-0.151,1.721,1.652,Up
2003,0.644,-1.691,0.606,-0.336,0.051,1.184,-0.323,Down
2003,0.648,2.865,1.167,0.253,-1.256,1.802,-3.48,Down
2003,-0.285,-0.745,-2.385,-2.258,-0.973,1.731,-0.294,Down
2003,1.023,-0.952,-0.387,1.43,-1.016,1.89,-1.534,Down
2003,-0.071,0.913,0.228,-0.361,2.113,1.703,2.305,Up
2003,-1.746,-0.546,3.144,0.004,0.823,2.187,0.037,Up
2003,1.2,1.789,1.179,-1.56,-2.633,1.724,0.014,Up
2003,0.35,0.398,-0.278,-0.438,2.07,1.427,-0.152,Down
2003,2.014,-0.358,-0.688,-2.4,-0.639,1.317,0.106,Up
2003,-0.769,-0.894,-1.984,1.057,0.266,1.46,1.575,Up
2003,-1.654,-0.393,0.41,1.777,0.055,1.684,0.584,Up
2003,-0.902,0.076,-1.424,-0.682,-1.083,0.843,0.945,Up
2003,1.753,1.561,-1.557,-1.197,0.601,2.256,2.518,Up
2003,1.535,1.151,-0.354,1.961,0.977,1.456,-1.061,Down
2003,0.583,0.062,1.051,0.328,0.713,1.555,0.155,Up
2003,-1.381,-0.622,1.198,0.574,-1.298,1.591,-0.784,Down
2003,0.01,-1.171,0.005,0.942,0.314,1.608,-0.029,Down
2003,-1.136,-0.362,-0.385,-1.496,-0.94,1.752,-1.273,Down
2003,1.23,2.782,0.524,-0.453,0.296,1.605,-0.656,Down
2003,-0.028,-0.617,0.36,0.362,0.738,1.664,1.352,Up
2003,-0.623,-0.389,1.458,0.753,1.33,1.452,-0.071,Down
2003,-0.596,-0.575,-0.827,-0.611,-0.461,1.66,1.195,Up
2003,0.424,-0.245,-1.985,1.461,0.618,1.366,0.621,Up
2003,-0.629,-0.962,-0.951,-0.282,-2.369,1.085,2.694,Up
2003,0.29,-1.334,-0.426,-1.298,-1.982,1.814,-0.293,Down
2003,-0.084,-0.402,-1.637,0.192,0.203,1.322,-1.942,Down
2003,0.556,-0.595,-0.248,-1.09,1.397,1.939,-0.624,Down
2003,-2.461,-0.213,0.82,-0.555,0.412,1.752,0.782,Up
2003,-0.196,-0.155,-2.479,-0.119,-0.282,1.699,0.739,Up
2003,-0.552,1.258,-0.269,0.097,-0.76,1.587,0.846,Up
2003,0.021,-0.188,0.356,0.245,0.825,2.059,-0.853,Down
2003,-0.654,1.148,-1.427,-0.124,0.865,2.143,-2.384,Down
2003,-0.705,-2.253,-0.875,0.629,-2.793,1.606,0.148,Up
2003,0.458,-0.523,-0.774,0.299,0.523,1.638,-0.814,Down
2003,-0.525,0.8,0.177,1.179,0.689,1.603,1.785,Up
2003,0.791,0.273,2.075,0.536,0.51,1.985,-1.22,Down
2003,2.086,-0.309,0.563,-1.134,-1.002,1.64,0.06,Up
2003,-0.271,0.747,0.023,-0.936,0.344,1.919,0.034,Up
2003,-0.327,-1.131,0.358,-0.232,0.508,1.211,-2.234,Down
2003,0.559,0.841,-0.898,0.039,-1.835,1.527,-1.365,Down
2003,0.89,-0.11,0.903,-0.555,-0.189,1.665,-0.919,Down
2003,-0.524,1.845,-1.55,-1.405,1.458,1.693,-0.164,Down
2003,1.637,0.502,-0.144,-0.192,1.043,1.832,2.036,Up
2003,0.243,-0.318,1.814,-0.034,1.526,1.956,1.3,Up
2003,-0.105,-0.356,-1.099,1.63,-0.282,1.663,0.02,Up
2003,1.327,1.059,-2.409,-0.906,-1.2,2.266,-1.071,Down
2003,-3.478,-0.89,0.408,1.136,1.968,1.913,0.288,Up
2003,0.172,-1.938,-1.913,0.399,-0.718,1.525,4.439,Up
2003,-2.651,-0.282,1.188,0.277,0.457,2.332,-0.961,Down
2003,-1.026,0.854,1.556,1.242,0.591,1.436,-2.38,Down
2003,2.534,-1.606,-0.142,-0.207,0.913,1.921,0.44,Up
2003,-0.267,0.278,1.569,1.163,1.464,2.192,-0.204,Down
2003,-0.886,-0.005,1.021,0.246,0.727,2.198,0.375,Up
2003,-0.255,0.091,0.891,0.152,1.329,1.281,0.475,Up
2003,-0.345,-0.901,-1.539,-0.942,-1.254,1.764,0.724,Up
2003,-0.562,0.057,0.219,0.667,-1.155,1.83,-0.344,Down
2003,0.417,2.618,-0.357,1.219,1.243,1.002,1.593,Up
2003,-1.581,2.027,-1.554,0.798,-0.168,2.29,-0.83,Down
2003,-1.917,-1.334,0.508,-1.362,-1.586,1.351,-0.001,Down
2004,-1.224,-1.405,-0.976,-0.217,2.492,1.861,-0.696,Down
2004,1.244,-0.607,-0.542,0.079,-1.77,1.808,0.638,Up
2004,0.548,-1.093,1.075,-0.249,0.529,1.15,-0.891,Down
2004,-1.371,0.474,0.171,-0.958,0.878,1.469,-0.206,Down
2004,0.938,-0.447,0.748,-1.594,-1.02,1.798,-0.783,Down
2004,-0.77,0.446,0.569,-0.617,1.416,1.432,-1.023,Down
2004,0.87,-0.648,-0.041,1.949,-2.282,1.986,1.304,Up
2004,-0.014,-0.506,-1.225,0.319,-1.324,1.549,1.038,Up
2004,-0.321,-0.43,0.24,-1.678,-0.978,2.283,0.684,Up
2004,0.516,-0.107,0.975,0.091,0.042,1.552,-2.01,Down
2004,-0.776,1.314,1.087,-1.897,-0.35,2.021,1.009,Up
2004,-0.1,-1.6,0.096,-1.068,0.911,1.922,-0.111,Down
2004,1.254,0.497,-0.507,-0.212,1.666,1.756,1.719,Up
2004,-1.268,0.171,0.932,-0.055,0.165,2.532,0.815,Up
2004,-0.92,1.416,-0.66,-0.045,0.098,2.117,-0.338,Down
2004,-0.188,-2.027,-0.525,1.034,1.283,1.743,0.433,Up
2004,-1.325,0.859,-0.088,0.335,1.134,2.137,-0.748,Down
2004,0.188,2.01,0.235,0.121,-0.397,1.607,0.64,Up
2004,1.983,0.383,0.121,-0.693,2.536,1.307,-1.13,Down
2004,-2.201,0.579,2.725,1.188,1.239,1.659,-0.009,Down
2004,0.291,-0.455,-0.056,1.364,-0.332,1.337,0.251,Up
2004,0.1,-0.413,-0.21,0.025,0.941,1.507,0.755,Up
2004,-1.043,-0.758,0.663,1.864,2.758,1.824,0.775,Up
2004,-0.988,-0.078,-0.522,0.699,-2.021,1.708,0.356,Up
2004,0.854,-0.369,-0.824,1.861,-0.879,1.457,-0.925,Down
2004,1.02,0.059,1.407,-0.457,0.392,1.819,0.454,Up
2004,-0.49,0.252,1.711,-1.346,-2.527,1.48,0.749,Up
2004,0.915,-1.285,-0.488,-0.124,0.473,1.569,0.685,Up
2004,0.609,-0.83,-0.422,-2.22,-1.277,1.914,-0.529,Down
2004,-0.837,0.821,0.068,0.148,0.208,1.477,1.923,Up
2004,0.394,0.63,-1.046,0.046,0.404,1.399,-0.76,Down
2004,-0.352,-1.932,1.283,-0.616,-0.666,1.287,-1.817,Down
2004,0.555,-1.118,-0.584,0.148,0.371,1.564,-1.536,Down
2004,1.12,0.959,0.681,0.117,0.291,1.405,-1.255,Down
2004,0.462,0.418,-0.285,0.771,-1.102,2.065,-0.51,Down
2004,-0.571,-0.264,1.044,0.324,1.177,2.166,1.048,Up
2004,0.526,0.816,-0.704,0.814,0.589,2.292,-2.084,Down
2004,0.398,-2.585,-0.549,0.95,-0.464,1.779,-0.873,Down
2004,-1.519,-1.409,-3.223,1.107,-1.314,1.422,0.511,Up
2004,-0.103,1.655,-0.131,0.23,-0.909,2.095,-0.435,Down
2004,-1.313,-0.213,-1.479,-0.026,0.046,1.469,1.126,Up
2004,0.857,-0.415,1.251,0.905,-1.555,1.982,-2.113,Down
2004,3.285,-1.335,-1.111,-2.288,1.354,1.855,-0.193,Down
2004,-0.307,-0.948,-1.405,-1.391,0.407,1.862,1.498,Up
2004,-0.741,-0.879,-0.006,-1.504,0.218,1.304,-0.167,Down
2004,0.45,0.261,0.389,-2.043,-0.385,1.919,0.851,Up
2004,-0.465,0.555,-0.929,0.651,-0.28,2.035,0.115,Up
2004,0.243,1.016,1.759,0.325,-0.194,1.461,-0.856,Down
2004,-0.086,0.611,-0.403,-1.834,0.976,2.286,0.493,Up
2004,-1.407,-1.626,0.523,0.914,-1.905,1.4,-2.992,Down
2004,1.572,-0.288,0.664,-0.246,-0.37,1.619,-1.156,Down
2004,-0.129,2.054,-0.31,-0.626,2.081,1.248,-0.477,Down
2004,-1.803,0.04,1.281,3.58,-0.812,2.04,-0.929,Down
2004,-0.666,-1.15,1.511,1.508,-0.77,1.861,-0.184,Down
2004,0.203,-1.013,-1.086,-0.092,0.308,1.772,-0.383,Down
2004,-0.661,0.748,-0.955,-0.098,1.7,1.912,-1.412,Down
2004,0.298,1.521,-0.625,2.218,-0.669,1.563,0.808,Up
2004,-0.091,1.651,-0.577,-1.355,0.91,1.844,0.554,Up
2004,0.397,1.818,0.149,-0.193,-0.852,1.935,0.062,Up
2004,2.106,-1.398,-0.7,0.648,1.458,1.284,-1.272,Down
2004,0.014,0.863,0.395,1.233,1.588,2.261,-0.398,Down
2004,1.939,-0.354,-0.263,1.319,0.793,1.892,1.021,Up
2004,-0.485,-0.788,1.174,0.034,-1.266,1.561,0.224,Up
2004,-0.709,-0.815,0.894,0.187,0.484,2.038,0.514,Up
2004,0.449,1.039,-0.368,0.122,-1.086,1.919,0.52,Up
2004,-1.544,-0.006,-0.948,0.444,-1.451,2.256,0.759,Up
2004,-0.817,-0.513,-0.723,1.515,-0.491,1.795,0.04,Up
2004,-0.911,0.952,-0.269,-2.498,1.267,1.945,-0.22,Down
2004,0.994,0.81,-1.649,-1.803,0.948,1.974,-0.077,Down
2004,-1.333,0.768,-0.036,0.417,-0.885,2.043,1.231,Up
2004,1.219,-0.442,0.03,-0.087,-0.638,1.977,0.075,Up
2004,0.039,-0.666,0.719,-0.91,-0.056,1.896,0.667,Up
2004,-0.24,0.523,-0.03,0.198,-0.541,1.979,-0.953,Down
2004,-1.179,-0.466,0.88,0.231,-0.629,2.152,-1.316,Down
2004,-0.161,-1.699,0.101,0.197,-0.487,2.15,-2.281,Down
2004,0.541,-1.697,-1.332,0.453,-0.587,1.625,1.798,Up
2004,1.02,-0.382,0.565,0.794,0.071,2.268,-0.351,Down
2004,-0.579,-0.805,-0.911,0.481,-0.567,2.043,-0.066,Down
2004,-1.084,1.268,-0.893,-0.896,1.008,1.875,1.759,Up
2004,-0.433,0.197,3.086,0.867,-2.001,1.601,-0.309,Down
2004,-1.488,-1.368,1.998,-0.656,0.577,1.866,0.532,Up
2004,0.315,-1.734,-0.334,0.629,-1.404,1.37,0.829,Up
2004,1.283,1.504,-0.497,0.488,-1.817,2.332,0.601,Up
2004,-0.661,0.922,2.08,1.082,1.468,2.337,0.295,Up
2004,1.578,-1.074,0.115,-0.977,0.553,1.857,2.389,Up
2004,-1.038,-1.07,0.197,-0.915,0.023,2.248,0.751,Up
2004,1.412,0.164,-1.453,0.279,1.268,1.392,-1.426,Down
2004,0.018,1.246,0.989,1.036,0.074,1.908,-0.839,Down
2004,0.402,0.453,-1.589,-0.486,0.274,2.364,2.179,Up
2004,2.331,1.632,1.099,-0.707,0.147,1.854,-0.091,Down
2004,2.064,0.943,-1.689,-1.285,-1.73,1.721,0.402,Up
2004,1.596,0.156,0.881,-0.591,-2.609,1.572,-0.647,Down
2004,-0.975,-0.729,1.111,-0.515,-1.16,1.598,-0.284,Down
2004,0.186,-0.609,-0.444,0.699,-0.167,1.587,-0.088,Down
2004,0.354,-0.47,0.607,-1.311,0.223,2.115,-0.124,Down
2004,0.588,-0.823,-0.483,0.153,0.324,2.03,-0.159,Down
2004,-1.11,1.106,-0.462,1.088,-0.037,1.833,-0.36,Down
2004,-0.569,-0.161,-0.888,-0.818,1.422,1.833,-0.061,Down
2004,-0.015,-1.132,1.91,1.155,0.849,1.897,0.45,Up
2004,-2.165,-1.789,0.634,-0.306,-1.422,1.783,-1.162,Down
2004,-0.024,1.127,0.18,-0.915,-0.072,1.544,-1.593,Down
2004,-0.566,1.372,-0.595,-0.057,-0.291,2.451,-0.484,Down
2004,0.798,1.857,0.615,-0.084,0.291,1.856,-0.483,Down
2004,0.984,-1.785,0.139,0.042,1.934,1.638,-0.314,Down
2004,-0.337,-0.004,-0.211,0.571,0.409,1.547,-0.077,Down
2004,-1.055,0.687,-0.008,-0.643,-0.913,2.077,-2.073,Down
2004,-0.621,-0.556,0.228,0.022,0.194,1.708,-0.518,Down
2004,0.148,0.262,-0.531,0.195,1.066,1.178,-2.08,Down
2004,-0.059,-2.418,-0.774,1.923,-0.371,1.931,-1.481,Down
2004,-0.735,-1.857,0.021,-3.241,-0.909,1.657,0.167,Up
2004,-0.132,0.511,1.025,-1.309,-0.471,2.239,0.727,Up
2004,-0.49,-1.49,-0.092,-1.496,-0.519,1.485,0.851,Up
2004,1.536,1.658,0.324,-1.038,0.093,2.283,-1.505,Down
2004,-1.081,-0.276,-0.672,-1.982,0.092,1.714,0.386,Up
2004,1.976,-0.534,1.478,-0.641,1.399,2.035,1.284,Up
2004,1.042,1.486,-1.209,-0.995,-1.747,1.873,1.175,Up
2004,0.057,0.436,-0.065,-0.492,0.599,1.898,0.967,Up
2004,-0.147,0.155,0.405,0.217,1.055,1.753,1.064,Up
2004,-1.339,-0.204,1.735,1.566,0.709,1.835,0.207,Up
2004,0.117,0.24,0.271,-2.456,-0.315,1.698,-1.194,Down
2004,0.328,0.217,0.299,-0.448,0.294,2.471,-0.983,Down
2004,-1.655,1.219,-1.897,0.567,-0.778,1.644,-1.639,Down
2004,-1.12,0.366,-0.158,0.236,-0.702,1.553,1.541,Up
2004,-0.087,-0.95,0.889,-0.447,-1.609,1.833,-1.034,Down
2004,0.973,0.155,-1.671,0.448,1.607,1.961,-0.576,Down
2004,0.187,-1.043,0.246,-0.633,-0.681,1.516,2.079,Up
2004,0.947,-1.976,0.917,0.551,-2.215,2.224,-1.066,Down
2004,0.144,0.103,-1.633,1.481,-0.713,1.846,0.403,Up
2004,-0.971,-0.203,-0.324,-0.155,-1.528,1.65,-0.399,Down
2004,-0.316,1.501,-0.657,-0.53,0.484,1.744,1.819,Up
2004,-0.167,-0.052,-1.34,0.719,-2.206,2.381,-1.1,Down
2004,1.354,-3.261,-0.048,0.458,1.122,2.035,1.77,Up
2004,-0.308,0.027,0.291,-0.966,-1.368,1.83,0.843,Up
2004,1.939,-0.517,-0.677,-0.719,-2.038,1.794,0.011,Up
2004,0.055,1.235,-0.114,-0.877,-0.7,1.982,-0.758,Down
2004,-0.69,-1.036,0.72,2.278,0.354,1.439,-2.568,Down
2004,0.847,1.034,0.067,0.728,0.967,1.792,-2.549,Down
2004,0.027,0.936,1.574,-0.662,-0.912,2.508,-2.424,Down
2004,1.475,-1.318,-0.595,0.264,0.074,1.768,-1.903,Down
2004,-0.106,-0.397,-0.745,2.62,-1.482,1.841,-1.906,Down
2004,0.418,3.322,0.988,0.843,0.032,1.723,1.61,Up
2004,-2.853,-0.666,-0.67,0.076,-0.595,1.415,0.142,Up
2004,1.048,1.609,-0.308,-0.6,-0.498,1.908,-1.997,Down
2004,1.223,0.72,0.379,0.953,-1.14,1.905,-0.221,Down
2004,1.205,0.353,-1.016,-0.773,1.459,1.783,0.964,Up
2004,1.324,0.945,-0.062,0.557,1.115,2.159,-0.804,Down
2004,1.387,-0.621,-0.977,0.96,0.673,1.842,1.051,Up
2004,0.581,-0.621,-1.324,0.592,0.221,1.706,-2.512,Down
2004,-0.732,0.122,0.941,-1.667,0.536,1.859,0.768,Up
2004,0.115,-0.142,1.194,0.632,1.258,1.808,1.999,Up
2004,3.598,0.4,1.316,-0.298,0.231,1.937,-1.054,Down
2004,0.859,-0.544,-0.531,1.124,1.122,1.689,-0.499,Down
2004,-0.172,0.732,-0.685,-1.07,1.626,1.782,-1.621,Down
2004,1.373,-2.609,-0.238,0.37,-0.078,1.892,1.994,Up
2004,0.319,0.348,1.18,0.061,-1.704,1.868,0.559,Up
2004,-0.312,0.209,-1.705,-0.458,0.737,1.72,-1.043,Down
2004,-0.478,0.58,2.136,0.644,-2.124,1.551,-0.342,Down
2004,-0.405,-1.485,1.623,-0.447,-0.811,1.971,-0.656,Down
2004,-0.95,0.244,0.13,-0.142,0.997,1.579,-1.18,Down
2004,0.229,-0.501,-1.718,1.313,0.11,2.249,-1.384,Down
2004,0.03,1.839,-0.192,-1.176,-0.827,1.852,-0.894,Down
2004,0.895,0.422,0.771,-0.4,0.346,1.946,-1.516,Down
2004,1.889,0.532,1.038,0.036,-1.237,1.296,-0.721,Down
2004,1.243,-1.736,-1.011,0.967,-0.12,1.774,-0.213,Down
2004,-1.355,0.939,-0.772,-0.438,1.057,2.439,-0.914,Down
2004,-0.044,-0.694,0.423,0.79,-1.775,2.012,-0.173,Down
2004,0.196,-0.211,1.581,1.07,-0.971,2.276,-0.819,Down
2004,-0.681,0.059,0.41,-1.211,0.087,1.891,0.75,Up
2004,1.829,1.184,0.333,-0.635,-0.142,1.776,-0.303,Down
2004,-0.898,1.493,-0.761,0.44,1.691,2.291,-0.461,Down
2004,-0.662,-1.735,0.104,-0.748,-1.273,2.034,-1.398,Down
2004,0.433,-0.824,0.566,2.946,-1.856,2.191,1.501,Up
2004,0.694,0.326,-0.716,1.821,-0.907,1.749,0.108,Up
2004,-0.219,-0.251,-1.109,-1.341,-0.639,2.346,0.642,Up
2004,0.87,0.542,-0.581,-1.467,-0.131,1.36,-0.817,Down
2004,0.858,-0.803,1.94,-0.168,-0.216,1.442,1.13,Up
2004,-1.431,0.449,2.253,-0.922,-1.141,1.556,1.065,Up
2004,-1.597,-1.216,-0.868,-1.675,0.919,1.686,-2.03,Down
2004,0.499,1.962,0.467,-0.337,-0.274,2.367,-0.772,Down
2004,1.787,-0.587,0.195,-0.19,-0.658,1.834,1.785,Up
2004,-0.972,0.793,0.321,-2.135,-0.054,1.439,0.703,Up
2004,2.998,-0.122,0.233,1.448,-0.636,1.954,-0.456,Down
2004,0.688,0.323,-0.705,0.631,-1.181,2.011,-0.541,Down
2004,1.02,1.063,1.99,0.629,0.441,1.444,-0.813,Down
2004,-0.739,0.192,-0.568,-1.624,-1.305,2.045,-0.487,Down
2004,1.531,-0.683,-1.431,-1.553,-1.362,2.103,-0.979,Down
2004,1.4,-0.522,2.315,-1.835,-0.235,2.006,2.144,Up
2004,-1.674,-0.719,0.374,-2.544,-2.26,1.654,-0.706,Down
2004,-0.308,1.131,0.834,-2.052,-0.644,2.122,0.325,Up
2004,0.148,-0.6,2.857,-0.069,0.19,1.889,-0.45,Down
2004,1.359,-0.388,-0.771,0.456,0.428,2.26,0.804,Up
2004,0.606,0.19,0.178,1.573,2.056,2.057,-0.26,Down
2004,0.206,0.694,1.179,-1.079,1.218,1.992,0.583,Up
2004,-0.052,-2.211,2.259,-1.021,1.843,1.637,0.187,Up
2004,-0.686,-0.714,-0.624,0.879,1.9,1.909,1.258,Up
2004,-0.333,0.308,-1.589,-2.149,-2.432,2.388,-1.146,Down
2004,-1.238,-1.068,0.663,-0.62,0.851,2.284,0.421,Up
2004,-1.221,-0.307,1.455,1.052,0.811,1.888,-2.574,Down
2004,-0.48,0.566,0.458,1.431,0.054,1.739,0.96,Up
2004,-0.714,-1.873,-1.017,0.122,-0.443,1.924,2.943,Up
2004,0.17,0.51,1.256,-3.076,-0.911,1.569,-0.846,Down
2004,0.689,-0.462,1.22,0.684,-1.057,1.981,-0.893,Down
2004,-2.376,0.645,-1.662,0.05,0.728,1.939,-0.192,Down
2004,0.964,1.086,-2.511,2.265,0.459,1.856,-1.361,Down
2004,-0.341,-0.62,-0.345,-0.533,0.135,1.921,-0.237,Down
2004,0.37,1.174,1.216,-3.026,0.279,2.211,0.621,Up
2004,0.092,-2.035,-0.398,-2.601,-0.348,2.43,-0.693,Down
2004,0.6,1.034,0.028,1.638,0.588,2.086,-1.259,Down
2004,0.034,-1.963,-0.57,-0.297,0.499,1.896,0.847,Up
2004,2.14,-0.669,0.763,1.207,1.883,2.039,0.37,Up
2004,-0.508,0.543,0.532,0.054,-1.257,1.752,-0.21,Down
2004,0.438,0.829,0.33,0.873,-0.574,2.328,-0.526,Down
2004,-0.859,0.544,-0.071,0.399,-0.476,1.795,1.21,Up
2004,-0.496,0.636,0.827,-0.281,-0.057,1.956,0.742,Up
2004,0.028,0.569,0.211,-0.099,-0.771,1.375,0.532,Up
2004,0.681,-1.123,-1.405,0.786,0.239,1.804,-1.677,Down
2004,-0.957,-0.352,-0.627,-0.204,-0.682,2.492,1.158,Up
2004,-0.949,-0.234,-0.856,0.765,0.013,1.213,0.038,Up
2004,-0.926,-0.13,1.367,0.415,-1.525,1.981,-0.879,Down
2004,-0.755,1.207,0.526,-0.646,1.689,2.501,2.071,Up
2004,0.944,0.845,0.132,-1.948,0.283,2.158,0.202,Up
2004,2.101,-0.423,-1.063,2.173,1.149,2.533,-0.491,Down
2004,-0.6,1.624,-0.789,-0.548,-0.515,2.066,0.294,Up
2004,0.765,0.973,1.121,0.562,-0.514,1.851,0.375,Up
2004,-0.184,1.567,-0.652,0.333,-0.272,2.671,0.669,Up
2004,-0.219,-0.747,-1.221,0.326,-1.443,1.933,0.253,Up
2004,-0.829,-0.308,1.095,-0.441,0.647,2.31,-0.967,Down
2004,-0.99,1.487,-1.063,0.226,1.196,1.701,1.476,Up
2004,1.651,-0.839,0.162,1.029,0.369,1.859,0.063,Up
2004,-0.825,0.581,0.731,-0.611,-1.625,1.852,-1.773,Down
2004,-0.753,0.501,-1.393,1.845,-0.146,2.237,0.805,Up
2004,-0.273,-0.047,-1.367,0.945,0.846,2.442,-1.02,Down
2004,-1.772,1.804,-0.01,-1.299,-0.224,2.134,1.211,Up
2004,-0.745,0.337,-0.299,-1.94,-0.303,2.511,-0.026,Down
2004,-0.13,-0.383,1.714,1.657,-0.323,2.129,1.958,Up
2004,-0.716,1.994,-1.538,-1.326,0.389,1.953,-0.563,Down
2004,2.218,1.207,0.803,-1.546,0.72,2.078,0.489,Up
2004,-0.976,0.966,-0.171,0.495,-1.154,2.379,-0.076,Down
2004,0.734,-0.464,-0.781,-1.322,-0.488,2.03,0.98,Up
2004,1.325,-0.884,-2.097,0.049,-1.578,2.449,0.313,Up
2004,1.476,0.636,1.86,-0.519,0.113,1.931,0.073,Up
2004,-1.711,0.336,0.103,1.648,1.379,2.501,-2.214,Down
2004,-0.665,0.697,0.14,0.807,-0.53,2.553,0.459,Up
2004,0.06,0.183,0.737,-0.247,1.268,1.602,-0.141,Down
2004,0.474,-0.272,0.352,0.047,-1.395,1.899,0.268,Up
2004,0.911,-0.629,0.005,-1.38,-1.657,1.826,-0.483,Down
2004,0.927,-0.938,1.87,-1.135,-0.302,2.443,-1.129,Down
2004,1.063,-0.423,0.571,-1.225,-0.47,2.172,1.731,Up
2004,1.236,0.409,-0.647,-0.16,-0.377,2.278,-1.29,Down
2004,1.014,0.496,1.396,1.574,0.763,2.385,0.645,Up
2005,0.265,-0.812,0.536,-0.917,0.823,1.924,-1.092,Down
2005,0.353,-0.513,-1.312,0.517,1.458,2.278,0.235,Up
2005,-0.016,0.442,-2.566,0.339,2.636,1.849,-0.949,Down
2005,1.599,-0.589,0.136,0.312,0.219,2.122,-0.073,Down
2005,-0.985,0.384,-1.71,1.052,-1.79,2.095,0.504,Up
2005,1.763,-1.446,0.469,0.522,1.344,2.193,0.986,Up
2005,1.269,-0.144,-0.184,-0.798,0.334,2.506,-0.069,Down
2005,0.06,0.48,-0.021,-1.405,-1.207,2.617,-0.523,Down
2005,0.795,0.039,0.611,0.293,0.544,2.113,-1.303,Down
2005,0.464,2.005,1.697,1.514,-2.449,1.881,-0.345,Down
2005,-1.479,1.042,1.015,-1.525,-2.06,1.754,0.708,Up
2005,0.937,-0.489,0.231,1.232,0.136,2.341,-0.457,Down
2005,-0.49,0.428,0.173,0.223,2.225,1.821,-0.655,Down
2005,-0.653,0.356,-0.414,0.653,1.696,1.629,0.142,Up
2005,2.267,-0.637,1.183,-2.287,0.351,1.769,-1.465,Down
2005,-1.024,0.217,0.04,-1.338,1.635,2.354,-0.882,Down
2005,0.148,0.894,-0.93,-0.35,-0.611,2.334,0.867,Up
2005,-2.984,-1.163,-1.861,0.35,0.67,2.16,0.594,Up
2005,-0.729,0.23,1.364,0.489,-0.003,1.811,-0.982,Down
2005,0.165,1.243,0.516,2.16,0.642,2.076,-0.033,Down
2005,-0.975,-0.993,1.203,-0.78,-0.083,1.823,2.021,Up
2005,0.616,-1.523,1.43,0.157,-1.089,2.075,0.378,Up
2005,-0.685,-1.66,-1.388,-1.179,0.356,1.919,0.915,Up
2005,-0.233,0.082,1.201,0.572,-0.129,2.092,-2.282,Down
2005,1.403,-0.64,-1.512,-0.838,-0.335,2.564,1.286,Up
2005,-0.674,-0.837,-0.142,1.416,-1.83,2.246,-0.939,Down
2005,-0.304,-1.343,1.469,-1.886,0.822,1.905,-1.393,Down
2005,-1.039,-2.546,0.906,-0.225,1.679,2.361,-1.531,Down
2005,1.951,0.258,0.207,1.255,0.289,1.846,2.795,Up
2005,-0.724,0.507,-0.761,0.344,-2.618,1.613,0.229,Up
2005,-1.136,-0.663,0.726,0.89,1.403,2.243,0.31,Up
2005,-0.662,0.778,-0.989,0.205,-0.649,1.894,-0.133,Down
2005,-1.766,0.2,-0.661,-0.987,1.393,1.756,-0.792,Down
2005,0.918,-0.639,0.608,1.466,1.046,2.566,-0.676,Down
2005,-1.701,0.832,-1.67,-1.453,0.051,1.594,1.506,Up
2005,-1.899,-0.455,-0.356,-0.944,-0.488,2.15,-0.584,Down
2005,1.51,-0.77,-3.359,-1.215,-0.703,2.088,-2.36,Down
2005,0.842,-1.252,0.157,-0.058,1.226,2.206,0.087,Up
2005,-0.69,0.445,-0.271,0.439,-1.365,2.261,-0.939,Down
2005,-1.342,1.385,-2.034,-0.372,-0.859,1.768,0.324,Up
2005,2.197,-0.289,0.084,-1.653,1.883,2.284,0.382,Up
2005,0.156,2.704,1.881,-0.635,-0.643,2.178,-3.631,Down
2005,1.235,-0.93,-1.163,-0.445,2.372,1.946,-1.819,Down
2005,1.243,0.243,0.084,0.903,-0.533,1.89,-1.427,Down
2005,-0.441,1.142,-0.063,1.47,-0.883,2.115,-0.538,Down
2005,-0.065,-0.97,1.277,-0.191,-3.204,1.618,2.039,Up
2005,-1.181,2.061,-0.312,0.544,-2.797,2.126,1.245,Up
2005,-0.591,1.923,0.032,0.292,-1.73,1.936,0.539,Up
2005,0.695,-2.161,-0.467,0.565,1.235,1.846,-0.661,Down
2005,-1.228,-0.818,1.023,0.256,0.027,1.298,0.306,Up
2005,-0.233,0.768,1.946,-1.035,-0.712,2.028,-0.299,Down
2005,1.522,-0.26,1.341,1.498,0.06,1.787,0.672,Up
2005,1.689,-0.444,0.249,-0.06,0.581,2.224,-1.175,Down
2005,0.711,-0.051,1.4,1.073,1.103,2.119,-0.176,Down
2005,-0.3,-0.38,0.489,-0.307,0.947,2.219,0.869,Up
2005,1.885,-0.129,-1.778,0.823,1.098,2.459,-0.614,Down
2005,-2.169,-0.438,0.758,-0.358,0.408,2.539,-0.5,Down
2005,0.609,0.071,-0.531,-1.023,-1.727,2.211,0.044,Up
2005,0.644,-0.318,-0.238,-0.986,1.321,1.91,0.103,Up
2005,0.04,1.025,1.798,0.839,-0.007,1.792,2.237,Up
2005,-2.233,-0.158,-1.222,0.387,-0.441,1.537,-0.683,Down
2005,0.041,2.479,0.589,-0.674,-1.463,2.045,-0.86,Down
2005,1.139,-0.22,-0.097,0.569,-0.62,1.873,1.875,Up
2005,1.235,0.363,-1.021,1.417,0.635,2.172,-0.32,Down
2005,0.4,-0.243,0.402,1.082,0.188,1.951,-0.412,Down
2005,-1.224,-1.944,-0.132,0.408,1.018,1.965,0.481,Up
2005,-0.603,-0.317,-0.996,1.23,-0.923,2.185,-0.714,Down
2005,-0.373,0.616,0.447,-0.735,-1.898,2.119,-0.928,Down
2005,0.702,-1.133,-0.253,0.536,0.744,2.057,0.399,Up
2005,1.13,-0.177,-0.308,-0.113,0.352,1.83,-0.286,Down
2005,-1.704,-2.216,0.707,0.06,0.544,1.906,-0.795,Down
2005,0.037,-0.265,0.163,0.959,-0.187,1.815,-0.241,Down
2005,0.968,-0.447,0.914,-1.271,-0.964,2.149,-1.474,Down
2005,-1.195,-2.145,0.746,1.722,1.323,2.527,-2.768,Down
2005,-0.416,0.527,1.653,1.106,1.368,2.295,0.478,Up
2005,-0.864,0.029,1.361,-1.003,-0.444,2.79,-0.446,Down
2005,-0.484,0.324,1.523,0.795,-1.862,1.94,-1.006,Down
2005,-2.376,1.448,-1.238,1.958,2.569,1.946,-0.598,Down
2005,-0.049,2.825,1.989,-0.295,-0.835,2.382,-2.042,Down
2005,-0.271,-0.154,-0.559,0.663,-1.645,1.783,-2.451,Down
2005,0.324,-2.326,1.021,1.454,0.044,2.285,1.149,Up
2005,0.238,-0.077,-0.985,-1.195,1.857,2.032,0.048,Up
2005,0.869,0.468,0.835,0.3,-1.488,1.776,0.759,Up
2005,-0.449,-0.569,-1.272,-0.179,0.256,2.194,-0.275,Down
2005,0.164,0.254,0.189,2.518,-0.14,1.616,-2.195,Down
2005,0.178,1.043,-1.202,0.272,1.482,2.535,-0.194,Down
2005,0.397,-1.492,1.753,0.182,-0.161,2.179,0.93,Up
2005,-1.539,1.323,1.593,-0.301,0.764,2.285,-0.384,Down
2005,-1.181,-0.424,0.879,1.213,0.744,2.061,-2.374,Down
2005,0.531,-0.442,-0.071,-1.338,0.989,1.842,0.403,Up
2005,1.689,-1.162,2.14,-0.229,-0.906,2.057,0.999,Up
2005,0.135,-1.283,-1.877,0.447,0.347,1.917,0.511,Up
2005,1.666,-1.466,-0.606,1.367,1.592,2.254,1.461,Up
2005,-0.119,-0.762,-0.294,1.19,-0.761,1.895,0.928,Up
2005,-1.407,0.306,-1.2,0.154,1.631,2.239,0.609,Up
2005,1.052,-1.295,-0.206,-0.423,0.974,1.593,0.865,Up
2005,0.804,-0.55,-0.474,-0.877,-1.263,1.798,1.316,Up
2005,0.819,1.442,0.442,-1.218,0.614,1.727,1.251,Up
2005,0.784,0.706,-0.898,0.181,-0.87,1.949,-1.837,Down
2005,0.612,0.278,-0.044,0.139,-1.072,1.636,-1.563,Down
2005,-0.569,0.414,0.924,0.779,-0.599,1.933,0.819,Up
2005,-0.99,0.546,-1.535,-1.398,-0.454,2.077,-0.892,Down
2005,-1.741,-1.58,-0.215,-1.247,0.872,2.351,-2.021,Down
2005,1.379,-0.836,-0.337,1.389,-2.453,1.874,0.756,Up
2005,1.088,-2.206,0.099,1.486,-1.653,2.334,-1.459,Down
2005,-0.398,-1.418,0.944,1.348,-0.405,1.672,-0.791,Down
2005,0.284,1.544,-0.236,0.45,-0.419,2.273,-0.067,Down
2005,-0.505,-0.347,-1.463,-0.052,-1.514,2.352,0.348,Up
2005,-0.855,0.404,-1.534,-1.023,0.568,1.304,-0.621,Down
2005,0.175,-1.098,0.812,0.669,0.696,1.589,-0.019,Down
2005,0.95,1.891,0.297,-1.647,0.308,2.056,-1.373,Down
2005,-0.525,1.079,0.546,-1.222,0.026,1.986,-0.351,Down
2005,0.533,0.621,-0.582,-0.449,0.871,2.082,1.064,Up
2005,-0.033,-0.265,0.598,0.335,-0.789,1.821,0.096,Up
2005,-0.925,-0.456,-0.491,-0.202,0.575,1.814,0.55,Up
2005,1.883,0.307,2.296,0.271,-1.035,1.783,2.147,Up
2005,-0.823,0.726,-0.02,-1.222,1.071,1.865,-0.142,Down
2005,1.232,-1.293,-0.29,-1.458,0.518,1.758,0.626,Up
2005,0.917,-0.209,1.398,1.38,1.482,2.516,1.243,Up
2005,-0.102,-0.457,-1.584,-1.528,2.256,1.839,-0.121,Down
2005,0.164,-0.196,0.158,0.58,2.248,1.782,-1.859,Down
2005,0.331,0.727,1.566,0.605,0.311,2.333,-0.344,Down
2005,-0.773,-0.595,0.62,-0.298,0.52,2.421,-0.151,Down
2005,0.544,0.249,0.946,-0.6,0.495,1.481,-1.63,Down
2005,-1.202,-1.07,0.465,2.32,-0.434,1.892,3.133,Up
2005,-0.036,-0.841,0.83,-0.558,-0.106,1.752,0.247,Up
2005,-0.602,-0.517,0.408,0.305,1.594,2.458,0.018,Up
2005,-0.353,-2.102,-0.814,0.469,-1.863,1.926,0.601,Up
2005,-1.666,-1.157,-2.076,-0.851,-1.055,2.21,1.344,Up
2005,-1.954,-0.131,0.127,-0.156,1.319,2.352,-0.416,Down
2005,1.394,-1.898,2.389,0.253,1.645,2.554,-0.698,Down
2005,1.693,-0.844,-1.248,-0.735,-1.042,2.034,0.433,Up
2005,-1.249,-0.865,2.298,-0.138,-1.36,2.407,-0.642,Down
2005,-0.331,2.375,-1.686,0.304,-1.208,1.903,-0.561,Down
2005,-0.237,0.456,1.061,0.849,0.742,1.564,-0.568,Down
2005,-0.92,1.067,0.98,1.263,1.052,1.794,-0.971,Down
2005,1.211,0.909,0.123,0.859,1.219,1.674,0.841,Up
2005,0.281,0.313,2.63,-1.029,-0.159,2.307,0.533,Up
2005,1.068,2.709,1.252,-0.676,-0.655,2.19,0.289,Up
2005,1.357,-0.553,0.78,-0.552,-0.942,1.763,0.169,Up
2005,-1.842,-0.049,0.598,-1.045,-2.359,2.149,-0.609,Down
2005,-1.037,-0.149,-1.454,0.959,0.212,2.266,-0.148,Down
2005,-1.332,-0.834,0.466,1.178,-1.302,2.178,-0.619,Down
2005,1.33,-0.616,-0.393,1.791,1.688,2.37,-0.911,Down
2005,-1.905,-1.374,-2.477,0.626,0.99,1.72,-1.333,Down
2005,1.065,-0.227,0.344,1.405,2.726,2.097,0.281,Up
2005,-1.378,-0.359,-1.095,0.252,0.802,1.932,-0.125,Down
2005,-1.049,-0.193,0.425,-1.034,0.543,2.432,-0.165,Down
2005,-0.568,-0.27,-0.334,-2.157,-1.084,2.196,-0.15,Down
2005,-0.257,0.474,-0.442,0.729,1.096,1.995,-0.003,Down
2005,-0.479,-1.22,-0.131,1.789,0.69,1.868,1.184,Up
2005,-0.16,-1.553,0.045,-0.528,-1.571,1.883,-0.138,Down
2005,0.708,1.754,0.061,0.933,1.899,2.163,2.363,Up
2005,-1.975,0.195,0.781,2.521,1.29,2.53,0.227,Up
2005,1.184,-0.48,0.695,-0.203,-1.698,2.587,0.928,Up
2005,-1.23,1.197,0.671,-0.63,-0.779,2.292,0.015,Up
2005,-0.06,-2.144,0.52,-0.693,-0.352,1.422,-1.346,Down
2005,-0.676,-0.282,0.297,0.388,1.574,2.317,1.512,Up
2005,-3.16,-0.18,-1.551,0.644,0.164,2.275,-1.172,Down
2005,-1.151,-1.103,1.05,0.73,0.616,2.37,0.317,Up
2005,-0.489,1.936,2.442,-1.203,0.393,1.882,-1.128,Down
2005,-0.374,0.167,-0.725,1.35,0.3,2.499,-0.192,Down
2005,0.342,1.273,-0.439,-1.178,0.748,2.416,0.419,Up
2005,-0.228,2.431,0.628,0.432,-0.094,1.781,-0.701,Down
2005,0.186,-0.83,-1.722,0.002,-1.426,2.366,0.86,Up
2005,-0.415,0.26,-1.282,-3.893,2.089,2.224,0.511,Up
2005,-1.015,-0.537,-0.025,-0.342,0.086,2.657,0.637,Up
2005,-1.876,-0.85,0.187,0.209,-0.821,1.684,0.423,Up
2005,-0.739,0.645,-0.237,1.278,-1.927,1.849,-0.868,Down
2005,-0.494,0.833,0.572,-1.356,0.503,1.998,-1.414,Down
2005,-0.671,-0.269,0.524,1.127,0.333,2.27,0.425,Up
2005,-0.587,1.46,-0.709,-0.543,0.314,2.032,-1.896,Down
2005,-0.53,-2.071,0.081,-1.111,-1.569,2.583,0.153,Up
2005,1.4,-2.412,1.5,1.654,1.052,2.383,-2.746,Down
2005,-0.221,0.064,-0.432,0.734,0.909,2.093,0.124,Up
2005,-1.695,1.161,0.888,-0.661,0.209,1.952,-0.957,Down
2005,0.82,-1.773,0.33,2.081,0.978,2.066,0.102,Up
2005,-1.709,0.419,0.771,0.269,0.325,2.257,0.824,Up
2005,-1.269,-1.331,-1.057,0.138,0.973,1.987,-0.693,Down
2005,1.399,1.013,-2.939,2.031,0.375,2.448,-0.449,Down
2005,-0.492,-1.397,-0.145,1.298,2.414,2.796,-0.566,Down
2005,1.052,-2.424,0.874,1.328,-0.468,2.372,0.36,Up
2005,-1.901,0.062,-0.81,-1.476,0.795,2.194,-1.126,Down
2005,0.292,1.397,-0.778,0.051,-0.384,2.509,-1.787,Down
2005,-0.493,0.582,-0.525,-0.736,0.068,2.135,0.753,Up
2005,-0.656,-0.567,0.952,0.786,0.431,1.584,1.293,Up
2005,-0.426,-1.234,1.678,-0.321,-0.149,2.251,1.242,Up
2005,-0.876,1.973,-1.254,-2.344,-0.474,2.128,-0.516,Down
2005,0.002,1.331,-2.7,1.204,-0.703,2.372,-0.722,Down
2005,-0.505,0.499,-3.09,0.314,-0.36,2.943,-0.749,Down
2005,1.795,-1.442,-0.058,0.004,-0.571,2.061,0.045,Up
2005,-1.698,-0.61,-0.205,0.718,0.208,2.22,1.484,Up
2005,0.277,-0.747,1.82,-1.23,-0.736,1.977,-1.653,Down
2005,0.752,0.041,-0.124,0.284,0.557,2.755,-0.035,Down
2005,1.103,0.471,-3.095,1.02,2.516,2.06,0.253,Up
2005,1.73,0.313,-0.43,0.575,0.057,2.48,1.013,Up
2005,-1.048,0.381,0.474,0.964,1.258,2.03,-0.654,Down
2005,1.011,0.377,0.415,-0.947,1.292,2.015,0.82,Up
2005,-0.282,0.58,-0.478,-1.624,-0.229,1.934,-1.842,Down
2005,1.004,-0.145,2.02,1.238,0.355,1.729,-1.105,Down
2005,0.087,0.285,1.146,1.368,1.385,1.575,-1.131,Down
2005,0.742,-0.434,0.844,0.285,-0.601,1.591,-1.29,Down
2005,-1.508,1.603,1.868,-0.393,-1.591,2.494,-0.305,Down
2005,0.59,-0.546,-0.896,0.062,-0.038,2.155,1.049,Up
2005,1.032,0.613,-0.581,1.186,-0.651,2.35,2.428,Up
2005,-0.969,-0.116,0.31,1.916,-0.563,2.799,-1.807,Down
2005,1.452,-0.11,-0.26,1.491,-1.052,2.592,-1.165,Down
2005,0.183,0.329,2.989,0.331,-1.312,1.466,-0.097,Down
2005,0.381,-1.997,1.257,-0.831,-0.122,2.296,0.16,Up
2005,0.856,-1.416,-0.256,1.475,1.072,2.406,0.247,Up
2005,-1.414,1.936,-0.529,-0.626,0.81,2.316,1.326,Up
2005,-1.732,-1.652,0.56,0.003,0.236,2.549,-0.281,Down
2005,-0.34,0.707,1.195,-0.364,-0.853,1.834,1.513,Up
2005,-0.837,1.056,0.645,1.434,1.483,2.018,1.774,Up
2005,0.661,-1.254,0.549,1.778,-0.693,2.15,1.204,Up
2005,2.417,0.849,-0.007,-1.613,0.113,2.878,0.212,Up
2005,0.006,0.514,1.419,-0.192,-1.39,2.362,-1.598,Down
2005,2.381,0.856,-1.355,-2.601,0.32,2.872,0.605,Up
2005,0.59,1.517,-1.062,-0.928,-0.922,2.388,-0.422,Down
2005,1.152,-0.935,-0.665,-1.612,0.499,2.026,-0.1,Down
2005,0.151,-0.558,0.505,0.12,-0.698,2.246,1.83,Up
2005,0.188,1.133,1.241,1.025,0.858,2.33,0.994,Up
2005,-0.556,0.164,1.545,-0.651,0.507,2.442,-0.593,Down
2005,-0.329,0.621,-0.144,-1.463,-0.102,2.242,-0.442,Down
2005,-1.656,0.021,1.906,2.408,0.045,2.366,-0.876,Down
2005,1.191,-0.384,-0.167,1.322,1.403,2.239,-1.911,Down
2005,-0.387,-1.286,0.963,0.099,-2.481,2.31,1.173,Up
2005,-0.973,1.675,0.172,-0.212,-0.132,2.166,0.333,Up
2005,-0.241,1.906,0.242,-0.924,0.792,2.673,-0.18,Down
2005,0.331,0.547,-0.234,-1.388,-1.317,2.108,-0.555,Down
2005,0.12,-0.826,-0.141,-0.582,-1.402,2.311,-0.381,Down
2005,1.185,-0.386,1.939,1.331,-1.753,2.361,0.024,Up
2005,-0.59,0.436,-0.299,1.622,0.612,2.209,0.088,Up
2005,0.298,0.249,0.463,-0.774,0.96,2.534,-1.207,Down
2005,-0.162,0.743,1.564,-0.375,-0.182,2.464,-0.248,Down
2005,-1.645,0.381,-0.329,-1.03,0.695,2.604,-1.138,Down
2005,0.928,-0.887,1.533,0.166,0.5,2.377,2.537,Up
2005,2.443,-3.026,0.305,0.675,0.905,1.451,-0.067,Down
2005,0.552,-0.635,-0.885,0.689,0.177,2.095,-0.626,Down
2005,-0.901,1.357,-1.04,-0.148,0.952,2.011,0.886,Up
2005,-0.009,-0.653,0.614,-0.284,-0.293,1.929,-0.048,Down
2005,-2.242,-0.284,0.947,-0.537,1.314,2.268,0.441,Up
2005,0.599,0.409,-0.063,-0.574,2.116,1.596,1.577,Up
2005,1.766,-0.179,-1.45,-0.101,0.411,2.299,-0.746,Down
2005,1.015,0.743,0.508,-1.94,0.272,2.183,-0.968,Down
2005,1.174,-0.765,0.06,-0.897,0.753,2.332,-0.324,Down
2005,-0.494,1.97,-1.428,-1.037,-0.731,2.412,-0.247,Down
2005,0.633,1.139,-0.307,-1.527,-1.007,1.677,1.664,Up
2005,1.132,2.648,-1.377,-1.367,-1.075,2.312,0.165,Up
2005,0.901,0.539,1.187,-0.459,-0.391,2.25,-0.528,Down
